{"formatVersion":1,"offset":0.0,"judgeLineList":[{"bpm":160.0,"notesAbove":[{"type":1,"time":368,"positionX":3.06099,"holdTime":0.0,"speed":1.0,"floorPosition":4.96875},{"type":1,"time":368,"positionX":-3.003452,"holdTime":0.0,"speed":1.0,"floorPosition":4.96875},{"type":1,"time":384,"positionX":-3.026467,"holdTime":0.0,"speed":1.0,"floorPosition":5.25},{"type":1,"time":384,"positionX":3.037975,"holdTime":0.0,"speed":1.0,"floorPosition":5.25},{"type":1,"time":560,"positionX":1.990794,"holdTime":0.0,"speed":1.0,"floorPosition":8.34375},{"type":1,"time":560,"positionX":-4.591484,"holdTime":0.0,"speed":1.0,"floorPosition":8.34375},{"type":1,"time":576,"positionX":-2.485616,"holdTime":0.0,"speed":1.0,"floorPosition":8.625},{"type":1,"time":576,"positionX":4.016111,"holdTime":0.0,"speed":1.0,"floorPosition":8.625},{"type":1,"time":600,"positionX":-2.520138,"holdTime":0.0,"speed":1.0,"floorPosition":9.046875},{"type":1,"time":600,"positionX":3.993095,"holdTime":0.0,"speed":1.0,"floorPosition":9.046875},{"type":1,"time":624,"positionX":-2.520138,"holdTime":0.0,"speed":1.0,"floorPosition":9.46875},{"type":1,"time":624,"positionX":3.981588,"holdTime":0.0,"speed":1.0,"floorPosition":9.46875},{"type":1,"time":640,"positionX":0.6789417,"holdTime":0.0,"speed":1.0,"floorPosition":9.75},{"type":2,"time":768,"positionX":-2.0,"holdTime":0.0,"speed":1.0,"floorPosition":10.875},{"type":1,"time":1152,"positionX":-0.01150703,"holdTime":0.0,"speed":1.0,"floorPosition":15.900001},{"type":1,"time":1160,"positionX":-0.02301502,"holdTime":0.0,"speed":1.0,"floorPosition":16.059376},{"type":1,"time":1168,"positionX":-0.02301502,"holdTime":0.0,"speed":1.0,"floorPosition":16.21875},{"type":1,"time":1176,"positionX":-0.01150703,"holdTime":0.0,"speed":1.0,"floorPosition":16.378124},{"type":3,"time":1184,"positionX":-0.01150703,"holdTime":16.0,"speed":1.7,"floorPosition":16.537498},{"type":1,"time":1216,"positionX":-4.556962,"holdTime":0.0,"speed":1.0,"floorPosition":17.175},{"type":1,"time":1216,"positionX":2.727273,"holdTime":0.0,"speed":1.0,"floorPosition":17.175},{"type":1,"time":1248,"positionX":4.6145,"holdTime":0.0,"speed":1.0,"floorPosition":17.8125},{"type":1,"time":1248,"positionX":-2.220943,"holdTime":0.0,"speed":1.0,"floorPosition":17.8125},{"type":1,"time":1280,"positionX":-4.510932,"holdTime":0.0,"speed":1.0,"floorPosition":18.45},{"type":1,"time":1280,"positionX":2.692751,"holdTime":0.0,"speed":1.0,"floorPosition":18.45},{"type":1,"time":1312,"positionX":-4.47641,"holdTime":0.0,"speed":1.0,"floorPosition":19.087502},{"type":1,"time":1320,"positionX":1.196777,"holdTime":0.0,"speed":1.0,"floorPosition":19.246876},{"type":1,"time":1328,"positionX":-1.565017,"holdTime":0.0,"speed":1.0,"floorPosition":19.40625},{"type":3,"time":1336,"positionX":3.785961,"holdTime":40.0,"speed":1.7,"floorPosition":19.565624},{"type":1,"time":1344,"positionX":-4.47641,"holdTime":0.0,"speed":1.0,"floorPosition":19.724998},{"type":2,"time":1352,"positionX":-1.588032,"holdTime":0.0,"speed":1.0,"floorPosition":19.884377},{"type":1,"time":1368,"positionX":-1.611048,"holdTime":0.0,"speed":1.0,"floorPosition":20.203125},{"type":2,"time":1376,"positionX":-4.487917,"holdTime":0.0,"speed":1.0,"floorPosition":20.3625},{"type":1,"time":1392,"positionX":3.785961,"holdTime":0.0,"speed":1.0,"floorPosition":20.681252},{"type":1,"time":1408,"positionX":1.196777,"holdTime":0.0,"speed":1.0,"floorPosition":21.0},{"type":1,"time":1408,"positionX":-4.487917,"holdTime":0.0,"speed":1.0,"floorPosition":21.0},{"type":1,"time":1424,"positionX":3.693901,"holdTime":0.0,"speed":1.0,"floorPosition":21.31875},{"type":1,"time":1440,"positionX":-2.474108,"holdTime":0.0,"speed":1.0,"floorPosition":21.6375},{"type":1,"time":1448,"positionX":2.531645,"holdTime":0.0,"speed":1.0,"floorPosition":21.796875},{"type":1,"time":1456,"positionX":-2.474108,"holdTime":0.0,"speed":1.0,"floorPosition":21.95625},{"type":3,"time":1464,"positionX":2.543153,"holdTime":40.0,"speed":1.7,"floorPosition":22.115625},{"type":1,"time":1472,"positionX":-3.958572,"holdTime":0.0,"speed":1.0,"floorPosition":22.275002},{"type":2,"time":1480,"positionX":-2.485616,"holdTime":0.0,"speed":1.0,"floorPosition":22.434376},{"type":1,"time":1496,"positionX":-2.485616,"holdTime":0.0,"speed":1.0,"floorPosition":22.753124},{"type":2,"time":1504,"positionX":-4.027617,"holdTime":0.0,"speed":1.0,"floorPosition":22.9125},{"type":1,"time":1520,"positionX":2.543153,"holdTime":0.0,"speed":1.0,"floorPosition":23.23125},{"type":1,"time":1536,"positionX":-4.06214,"holdTime":0.0,"speed":1.0,"floorPosition":23.55},{"type":1,"time":1536,"positionX":0.7249718,"holdTime":0.0,"speed":1.0,"floorPosition":23.55},{"type":1,"time":1552,"positionX":2.520138,"holdTime":0.0,"speed":1.0,"floorPosition":23.868752},{"type":1,"time":1568,"positionX":-4.108171,"holdTime":0.0,"speed":1.0,"floorPosition":24.1875},{"type":1,"time":1576,"positionX":2.474108,"holdTime":0.0,"speed":1.0,"floorPosition":24.346876},{"type":1,"time":1584,"positionX":-0.7479868,"holdTime":0.0,"speed":1.0,"floorPosition":24.506248},{"type":3,"time":1592,"positionX":2.462601,"holdTime":40.0,"speed":1.7,"floorPosition":24.665627},{"type":1,"time":1600,"positionX":-4.085155,"holdTime":0.0,"speed":1.0,"floorPosition":24.824999},{"type":2,"time":1608,"positionX":-0.7825079,"holdTime":0.0,"speed":1.0,"floorPosition":24.984375},{"type":1,"time":1624,"positionX":-0.7825079,"holdTime":0.0,"speed":1.0,"floorPosition":25.303123},{"type":2,"time":1632,"positionX":-4.108171,"holdTime":0.0,"speed":1.0,"floorPosition":25.462502},{"type":1,"time":1648,"positionX":2.451093,"holdTime":0.0,"speed":1.0,"floorPosition":25.78125},{"type":1,"time":1664,"positionX":-4.56847,"holdTime":0.0,"speed":1.0,"floorPosition":26.099998},{"type":1,"time":1664,"positionX":4.52244,"holdTime":0.0,"speed":1.0,"floorPosition":26.099998},{"type":2,"time":1672,"positionX":3.682394,"holdTime":0.0,"speed":1.0,"floorPosition":26.259377},{"type":2,"time":1680,"positionX":2.761796,"holdTime":0.0,"speed":1.0,"floorPosition":26.41875},{"type":2,"time":1688,"positionX":2.048331,"holdTime":0.0,"speed":1.0,"floorPosition":26.578125},{"type":2,"time":1696,"positionX":1.219792,"holdTime":0.0,"speed":1.0,"floorPosition":26.737501},{"type":2,"time":1704,"positionX":0.3912544,"holdTime":0.0,"speed":1.0,"floorPosition":26.896873},{"type":2,"time":1712,"positionX":-0.4948215,"holdTime":0.0,"speed":1.0,"floorPosition":27.056252},{"type":2,"time":1720,"positionX":-1.357882,"holdTime":0.0,"speed":1.0,"floorPosition":27.215626},{"type":1,"time":1728,"positionX":-4.591484,"holdTime":0.0,"speed":1.0,"floorPosition":27.375},{"type":1,"time":1760,"positionX":-2.174913,"holdTime":0.0,"speed":1.0,"floorPosition":28.0125},{"type":1,"time":1760,"positionX":3.993095,"holdTime":0.0,"speed":1.0,"floorPosition":28.0125},{"type":1,"time":1792,"positionX":-4.602992,"holdTime":0.0,"speed":1.0,"floorPosition":28.650002},{"type":1,"time":1792,"positionX":1.668585,"holdTime":0.0,"speed":1.0,"floorPosition":28.650002},{"type":1,"time":1824,"positionX":4.729574,"holdTime":0.0,"speed":1.0,"floorPosition":29.287498},{"type":1,"time":1832,"positionX":-2.048331,"holdTime":0.0,"speed":1.0,"floorPosition":29.446877},{"type":1,"time":1840,"positionX":1.611047,"holdTime":0.0,"speed":1.0,"floorPosition":29.60625},{"type":3,"time":1848,"positionX":-5.166859,"holdTime":40.0,"speed":1.7,"floorPosition":29.765625},{"type":1,"time":1856,"positionX":2.911392,"holdTime":0.0,"speed":1.0,"floorPosition":29.925001},{"type":1,"time":1864,"positionX":2.922901,"holdTime":0.0,"speed":1.0,"floorPosition":30.084373},{"type":1,"time":1880,"positionX":1.081703,"holdTime":0.0,"speed":1.0,"floorPosition":30.403126},{"type":1,"time":1888,"positionX":1.058688,"holdTime":0.0,"speed":1.0,"floorPosition":30.5625},{"type":1,"time":1904,"positionX":2.853855,"holdTime":0.0,"speed":1.0,"floorPosition":30.881248},{"type":1,"time":1920,"positionX":-2.554661,"holdTime":0.0,"speed":1.0,"floorPosition":31.2},{"type":1,"time":1936,"positionX":1.162256,"holdTime":0.0,"speed":1.0,"floorPosition":31.518751},{"type":1,"time":1952,"positionX":-2.635213,"holdTime":0.0,"speed":1.0,"floorPosition":31.837502},{"type":1,"time":1960,"positionX":4.672037,"holdTime":0.0,"speed":1.0,"floorPosition":31.996876},{"type":1,"time":1968,"positionX":-2.635213,"holdTime":0.0,"speed":1.0,"floorPosition":32.15625},{"type":3,"time":1976,"positionX":4.66053,"holdTime":40.0,"speed":1.7,"floorPosition":32.315628},{"type":1,"time":1984,"positionX":-2.60069,"holdTime":0.0,"speed":1.0,"floorPosition":32.475},{"type":1,"time":1992,"positionX":-2.60069,"holdTime":0.0,"speed":1.0,"floorPosition":32.634377},{"type":1,"time":2008,"positionX":-0.6674347,"holdTime":0.0,"speed":1.0,"floorPosition":32.953125},{"type":1,"time":2016,"positionX":-0.6329117,"holdTime":0.0,"speed":1.0,"floorPosition":33.112503},{"type":1,"time":2032,"positionX":2.658228,"holdTime":0.0,"speed":1.0,"floorPosition":33.43125},{"type":1,"time":2048,"positionX":-1.875719,"holdTime":0.0,"speed":1.0,"floorPosition":33.75},{"type":1,"time":2064,"positionX":2.64672,"holdTime":0.0,"speed":1.0,"floorPosition":34.06875},{"type":1,"time":2080,"positionX":3.475258,"holdTime":0.0,"speed":1.0,"floorPosition":34.3875},{"type":1,"time":2088,"positionX":-1.829689,"holdTime":0.0,"speed":1.0,"floorPosition":34.546875},{"type":1,"time":2096,"positionX":0.8285389,"holdTime":0.0,"speed":1.0,"floorPosition":34.706253},{"type":3,"time":2104,"positionX":-4.38435,"holdTime":40.0,"speed":1.7,"floorPosition":34.865623},{"type":1,"time":2112,"positionX":2.623705,"holdTime":0.0,"speed":1.0,"floorPosition":35.025},{"type":1,"time":2120,"positionX":2.600691,"holdTime":0.0,"speed":1.0,"floorPosition":35.184376},{"type":1,"time":2136,"positionX":0.2416563,"holdTime":0.0,"speed":1.0,"floorPosition":35.503128},{"type":1,"time":2144,"positionX":0.2416563,"holdTime":0.0,"speed":1.0,"floorPosition":35.6625},{"type":1,"time":2160,"positionX":-2.485616,"holdTime":0.0,"speed":1.0,"floorPosition":35.98125},{"type":1,"time":2176,"positionX":-4.349827,"holdTime":0.0,"speed":1.0,"floorPosition":36.300003},{"type":1,"time":2176,"positionX":3.728424,"holdTime":0.0,"speed":1.0,"floorPosition":36.300003},{"type":1,"time":2304,"positionX":-2.439585,"holdTime":0.0,"speed":1.0,"floorPosition":38.2125},{"type":1,"time":2304,"positionX":4.971231,"holdTime":0.0,"speed":1.0,"floorPosition":38.2125},{"type":1,"time":2320,"positionX":3.314154,"holdTime":0.0,"speed":1.0,"floorPosition":38.49375},{"type":1,"time":2328,"positionX":-0.7019558,"holdTime":0.0,"speed":1.0,"floorPosition":38.634377},{"type":1,"time":2336,"positionX":3.302647,"holdTime":0.0,"speed":1.0,"floorPosition":38.775},{"type":1,"time":2352,"positionX":-2.359034,"holdTime":0.0,"speed":1.0,"floorPosition":39.05625},{"type":1,"time":2352,"positionX":4.971231,"holdTime":0.0,"speed":1.0,"floorPosition":39.05625},{"type":1,"time":2368,"positionX":-2.324511,"holdTime":0.0,"speed":1.0,"floorPosition":39.3375},{"type":1,"time":2376,"positionX":2.289989,"holdTime":0.0,"speed":1.0,"floorPosition":39.478127},{"type":1,"time":2392,"positionX":2.301497,"holdTime":0.0,"speed":1.0,"floorPosition":39.759377},{"type":1,"time":2400,"positionX":-2.87687,"holdTime":0.0,"speed":1.0,"floorPosition":39.9},{"type":1,"time":2416,"positionX":-1.634062,"holdTime":0.0,"speed":1.0,"floorPosition":40.18125},{"type":1,"time":2432,"positionX":-4.6145,"holdTime":0.0,"speed":1.0,"floorPosition":40.4625},{"type":3,"time":2432,"positionX":4.29229,"holdTime":16.0,"speed":1.5,"floorPosition":40.4625},{"type":1,"time":2448,"positionX":-2.922899,"holdTime":0.0,"speed":1.0,"floorPosition":40.74375},{"type":1,"time":2456,"positionX":2.715765,"holdTime":0.0,"speed":1.0,"floorPosition":40.884377},{"type":1,"time":2464,"positionX":-2.934408,"holdTime":0.0,"speed":1.0,"floorPosition":41.025},{"type":1,"time":2472,"positionX":2.704258,"holdTime":0.0,"speed":1.0,"floorPosition":41.165627},{"type":1,"time":2488,"positionX":4.269275,"holdTime":0.0,"speed":1.0,"floorPosition":41.446877},{"type":1,"time":2488,"positionX":-1.36939,"holdTime":0.0,"speed":1.0,"floorPosition":41.446877},{"type":1,"time":2504,"positionX":4.280783,"holdTime":0.0,"speed":1.0,"floorPosition":41.728127},{"type":1,"time":2504,"positionX":-1.380898,"holdTime":0.0,"speed":1.0,"floorPosition":41.728127},{"type":1,"time":2520,"positionX":1.495973,"holdTime":0.0,"speed":1.0,"floorPosition":42.009377},{"type":1,"time":2528,"positionX":-4.626007,"holdTime":0.0,"speed":1.0,"floorPosition":42.15},{"type":1,"time":2544,"positionX":-1.59954,"holdTime":0.0,"speed":1.0,"floorPosition":42.43125},{"type":1,"time":2560,"positionX":-5.788261,"holdTime":0.0,"speed":1.0,"floorPosition":42.7125},{"type":1,"time":2560,"positionX":0.7019567,"holdTime":0.0,"speed":1.0,"floorPosition":42.7125},{"type":1,"time":2576,"positionX":2.382049,"holdTime":0.0,"speed":1.0,"floorPosition":42.99375},{"type":1,"time":2592,"positionX":0.6789417,"holdTime":0.0,"speed":1.0,"floorPosition":43.275},{"type":1,"time":2592,"positionX":-5.75374,"holdTime":0.0,"speed":1.0,"floorPosition":43.275},{"type":1,"time":2608,"positionX":-5.75374,"holdTime":0.0,"speed":1.0,"floorPosition":43.55625},{"type":1,"time":2608,"positionX":0.6789417,"holdTime":0.0,"speed":1.0,"floorPosition":43.55625},{"type":1,"time":2624,"positionX":-3.256617,"holdTime":0.0,"speed":1.0,"floorPosition":43.8375},{"type":1,"time":2632,"positionX":3.01496,"holdTime":0.0,"speed":1.0,"floorPosition":43.978127},{"type":1,"time":2648,"positionX":2.991944,"holdTime":0.0,"speed":1.0,"floorPosition":44.259377},{"type":1,"time":2656,"positionX":-3.233602,"holdTime":0.0,"speed":1.0,"floorPosition":44.4},{"type":1,"time":2672,"positionX":4.6145,"holdTime":0.0,"speed":1.0,"floorPosition":44.68125},{"type":1,"time":2688,"positionX":-2.577676,"holdTime":0.0,"speed":1.0,"floorPosition":44.9625},{"type":3,"time":2688,"positionX":2.393556,"holdTime":16.0,"speed":1.5,"floorPosition":44.9625},{"type":1,"time":2704,"positionX":-2.554661,"holdTime":0.0,"speed":1.0,"floorPosition":45.24375},{"type":1,"time":2712,"positionX":4.556962,"holdTime":0.0,"speed":1.0,"floorPosition":45.384377},{"type":1,"time":2720,"positionX":-4.856157,"holdTime":0.0,"speed":1.0,"floorPosition":45.525},{"type":1,"time":2728,"positionX":2.359033,"holdTime":0.0,"speed":1.0,"floorPosition":45.665627},{"type":1,"time":2744,"positionX":-2.543154,"holdTime":0.0,"speed":1.0,"floorPosition":45.946877},{"type":1,"time":2752,"positionX":2.301497,"holdTime":0.0,"speed":1.0,"floorPosition":46.0875},{"type":1,"time":2768,"positionX":2.289989,"holdTime":0.0,"speed":1.0,"floorPosition":46.36875},{"type":4,"time":2784,"positionX":-4.959724,"holdTime":0.0,"speed":1.0,"floorPosition":46.65},{"type":4,"time":2784,"positionX":5.189873,"holdTime":0.0,"speed":1.0,"floorPosition":46.65},{"type":1,"time":2816,"positionX":4.016111,"holdTime":0.0,"speed":1.0,"floorPosition":47.2125},{"type":1,"time":2816,"positionX":-2.002302,"holdTime":0.0,"speed":1.0,"floorPosition":47.2125},{"type":1,"time":2832,"positionX":1.921749,"holdTime":0.0,"speed":1.0,"floorPosition":47.49375},{"type":1,"time":2848,"positionX":3.993095,"holdTime":0.0,"speed":1.0,"floorPosition":47.775},{"type":1,"time":2848,"positionX":-2.013809,"holdTime":0.0,"speed":1.0,"floorPosition":47.775},{"type":1,"time":2864,"positionX":4.004603,"holdTime":0.0,"speed":1.0,"floorPosition":48.056248},{"type":1,"time":2864,"positionX":-2.013809,"holdTime":0.0,"speed":1.0,"floorPosition":48.056248},{"type":1,"time":2880,"positionX":-4.890679,"holdTime":0.0,"speed":1.0,"floorPosition":48.337498},{"type":1,"time":2888,"positionX":1.265822,"holdTime":0.0,"speed":1.0,"floorPosition":48.478123},{"type":1,"time":2904,"positionX":1.242808,"holdTime":0.0,"speed":1.0,"floorPosition":48.759373},{"type":1,"time":2912,"positionX":-4.902186,"holdTime":0.0,"speed":1.0,"floorPosition":48.899998},{"type":1,"time":2928,"positionX":2.64672,"holdTime":0.0,"speed":1.0,"floorPosition":49.181248},{"type":3,"time":2944,"positionX":-3.613348,"holdTime":16.0,"speed":1.5,"floorPosition":49.462498},{"type":1,"time":2944,"positionX":1.150749,"holdTime":0.0,"speed":1.0,"floorPosition":49.462498},{"type":1,"time":2960,"positionX":1.13924,"holdTime":0.0,"speed":1.0,"floorPosition":49.743748},{"type":1,"time":2968,"positionX":-3.601841,"holdTime":0.0,"speed":1.0,"floorPosition":49.884373},{"type":1,"time":2976,"positionX":3.440737,"holdTime":0.0,"speed":1.0,"floorPosition":50.024998},{"type":1,"time":2984,"positionX":-1.265822,"holdTime":0.0,"speed":1.0,"floorPosition":50.165623},{"type":1,"time":3000,"positionX":1.852704,"holdTime":0.0,"speed":1.0,"floorPosition":50.446873},{"type":1,"time":3016,"positionX":1.829689,"holdTime":0.0,"speed":1.0,"floorPosition":50.728123},{"type":1,"time":3032,"positionX":-4.453395,"holdTime":0.0,"speed":1.0,"floorPosition":51.009373},{"type":3,"time":3040,"positionX":-0.04603004,"holdTime":32.0,"speed":1.5,"floorPosition":51.149998},{"type":1,"time":3072,"positionX":-4.453395,"holdTime":0.0,"speed":1.0,"floorPosition":51.712498},{"type":2,"time":3104,"positionX":-0.01150703,"holdTime":0.0,"speed":1.0,"floorPosition":52.274998},{"type":2,"time":3115,"positionX":-0.01150703,"holdTime":0.0,"speed":1.0,"floorPosition":52.468357},{"type":2,"time":3125,"positionX":-0.02301502,"holdTime":0.0,"speed":1.0,"floorPosition":52.64414},{"type":2,"time":3136,"positionX":-0.01150703,"holdTime":0.0,"speed":1.0,"floorPosition":52.837498},{"type":2,"time":3144,"positionX":0.0,"holdTime":0.0,"speed":1.0,"floorPosition":52.978123},{"type":2,"time":3152,"positionX":-0.03452206,"holdTime":0.0,"speed":1.0,"floorPosition":53.118748},{"type":2,"time":3160,"positionX":-0.03452206,"holdTime":0.0,"speed":1.0,"floorPosition":53.259373},{"type":2,"time":3168,"positionX":-0.02301502,"holdTime":0.0,"speed":1.0,"floorPosition":53.399998},{"type":1,"time":3296,"positionX":-2.543154,"holdTime":0.0,"speed":1.0,"floorPosition":55.612495},{"type":1,"time":3296,"positionX":2.589183,"holdTime":0.0,"speed":1.0,"floorPosition":55.612495},{"type":1,"time":3328,"positionX":3.470852,"holdTime":0.0,"speed":1.0,"floorPosition":56.137497},{"type":1,"time":3352,"positionX":-0.5112114,"holdTime":0.0,"speed":1.0,"floorPosition":56.53125},{"type":1,"time":3376,"positionX":2.7713,"holdTime":0.0,"speed":1.0,"floorPosition":56.924995},{"type":1,"time":3392,"positionX":-3.686098,"holdTime":0.0,"speed":1.0,"floorPosition":57.1875},{"type":1,"time":3416,"positionX":0.2421522,"holdTime":0.0,"speed":1.0,"floorPosition":57.581245},{"type":1,"time":3440,"positionX":-3.93722,"holdTime":0.0,"speed":1.0,"floorPosition":57.975},{"type":1,"time":3456,"positionX":2.789237,"holdTime":0.0,"speed":1.0,"floorPosition":58.237495},{"type":1,"time":3480,"positionX":4.260089,"holdTime":0.0,"speed":1.0,"floorPosition":58.63125},{"type":1,"time":3504,"positionX":1.820627,"holdTime":0.0,"speed":1.0,"floorPosition":59.024998},{"type":1,"time":3520,"positionX":-3.004484,"holdTime":0.0,"speed":1.0,"floorPosition":59.2875},{"type":1,"time":3544,"positionX":-4.834081,"holdTime":0.0,"speed":1.0,"floorPosition":59.681248},{"type":1,"time":3568,"positionX":-3.004484,"holdTime":0.0,"speed":1.0,"floorPosition":60.074997},{"type":1,"time":3584,"positionX":5.192824,"holdTime":0.0,"speed":1.0,"floorPosition":60.337498},{"type":1,"time":3648,"positionX":4.331838,"holdTime":0.0,"speed":1.0,"floorPosition":61.387497},{"type":4,"time":3712,"positionX":4.511211,"holdTime":0.0,"speed":1.0,"floorPosition":62.4375},{"type":1,"time":3968,"positionX":-4.080717,"holdTime":0.0,"speed":1.0,"floorPosition":66.6375},{"type":1,"time":4032,"positionX":1.174888,"holdTime":0.0,"speed":1.0,"floorPosition":67.6875},{"type":1,"time":4096,"positionX":4.008969,"holdTime":0.0,"speed":1.0,"floorPosition":68.737495},{"type":1,"time":4160,"positionX":5.892377,"holdTime":0.0,"speed":1.0,"floorPosition":69.7875},{"type":1,"time":4352,"positionX":-2.340807,"holdTime":0.0,"speed":1.0,"floorPosition":72.9375},{"type":1,"time":4416,"positionX":-1.533632,"holdTime":0.0,"speed":1.0,"floorPosition":73.987495},{"type":1,"time":4480,"positionX":1.2287,"holdTime":0.0,"speed":1.0,"floorPosition":75.0375},{"type":1,"time":4928,"positionX":-0.2062778,"holdTime":0.0,"speed":1.0,"floorPosition":82.3875},{"type":1,"time":5120,"positionX":-0.7443943,"holdTime":0.0,"speed":1.0,"floorPosition":85.5375},{"type":1,"time":5504,"positionX":2.286996,"holdTime":0.0,"speed":1.0,"floorPosition":90.93749},{"type":1,"time":5664,"positionX":1.497757,"holdTime":0.0,"speed":1.0,"floorPosition":92.43749},{"type":1,"time":5680,"positionX":1.390134,"holdTime":0.0,"speed":1.0,"floorPosition":92.587494},{"type":1,"time":5696,"positionX":4.152466,"holdTime":0.0,"speed":1.0,"floorPosition":92.737495},{"type":1,"time":5712,"positionX":3.991032,"holdTime":0.0,"speed":1.0,"floorPosition":92.8875},{"type":1,"time":5728,"positionX":6.44843,"holdTime":0.0,"speed":1.0,"floorPosition":93.0375},{"type":1,"time":5744,"positionX":6.44843,"holdTime":0.0,"speed":1.0,"floorPosition":93.18749},{"type":1,"time":6656,"positionX":5.085201,"holdTime":0.0,"speed":1.0,"floorPosition":103.987495},{"type":1,"time":6656,"positionX":-4.026906,"holdTime":0.0,"speed":1.0,"floorPosition":103.987495},{"type":1,"time":6672,"positionX":-5.838565,"holdTime":0.0,"speed":1.0,"floorPosition":104.325005},{"type":1,"time":6688,"positionX":3.004485,"holdTime":0.0,"speed":1.0,"floorPosition":104.662506},{"type":1,"time":6688,"positionX":-5.874439,"holdTime":0.0,"speed":1.0,"floorPosition":104.662506},{"type":2,"time":6696,"positionX":-3.820484,"holdTime":0.0,"speed":1.0,"floorPosition":104.831245},{"type":1,"time":6712,"positionX":-3.614349,"holdTime":0.0,"speed":1.0,"floorPosition":105.168755},{"type":1,"time":6720,"positionX":5.300448,"holdTime":0.0,"speed":1.0,"floorPosition":105.337494},{"type":1,"time":6728,"positionX":-4.457399,"holdTime":0.0,"speed":1.0,"floorPosition":105.506256},{"type":1,"time":6736,"positionX":3.935557,"holdTime":0.0,"speed":1.0,"floorPosition":105.674995},{"type":1,"time":6744,"positionX":-6.304932,"holdTime":0.0,"speed":1.0,"floorPosition":105.84375},{"type":1,"time":6752,"positionX":2.753363,"holdTime":0.0,"speed":1.0,"floorPosition":106.012505},{"type":2,"time":6752,"positionX":-4.718067,"holdTime":0.0,"speed":1.0,"floorPosition":106.012505},{"type":1,"time":6768,"positionX":-4.116592,"holdTime":0.0,"speed":1.0,"floorPosition":106.350006},{"type":1,"time":6784,"positionX":-4.959641,"holdTime":0.0,"speed":1.0,"floorPosition":106.6875},{"type":1,"time":6784,"positionX":4.726458,"holdTime":0.0,"speed":1.0,"floorPosition":106.6875},{"type":1,"time":6800,"positionX":-4.887893,"holdTime":0.0,"speed":1.0,"floorPosition":107.024994},{"type":1,"time":6816,"positionX":-2.878923,"holdTime":0.0,"speed":1.0,"floorPosition":107.362495},{"type":1,"time":6816,"positionX":4.887892,"holdTime":0.0,"speed":1.0,"floorPosition":107.362495},{"type":2,"time":6824,"positionX":-5.304948,"holdTime":0.0,"speed":1.0,"floorPosition":107.53125},{"type":1,"time":6840,"positionX":-2.932735,"holdTime":0.0,"speed":1.0,"floorPosition":107.868744},{"type":1,"time":6848,"positionX":2.64574,"holdTime":0.0,"speed":1.0,"floorPosition":108.037506},{"type":1,"time":6856,"positionX":-5.946188,"holdTime":0.0,"speed":1.0,"floorPosition":108.206245},{"type":1,"time":6872,"positionX":-5.581127,"holdTime":0.0,"speed":1.0,"floorPosition":108.543755},{"type":2,"time":6880,"positionX":-3.440737,"holdTime":0.0,"speed":1.0,"floorPosition":108.712494},{"type":1,"time":6880,"positionX":4.313902,"holdTime":0.0,"speed":1.0,"floorPosition":108.712494},{"type":1,"time":6896,"positionX":-2.538116,"holdTime":0.0,"speed":1.0,"floorPosition":109.049995},{"type":1,"time":6912,"positionX":2.502242,"holdTime":0.0,"speed":1.0,"floorPosition":109.387505},{"type":1,"time":6912,"positionX":-4.600897,"holdTime":0.0,"speed":1.0,"floorPosition":109.387505},{"type":1,"time":6928,"positionX":-4.511211,"holdTime":0.0,"speed":1.0,"floorPosition":109.725006},{"type":1,"time":6944,"positionX":-2.699552,"holdTime":0.0,"speed":1.0,"floorPosition":110.0625},{"type":1,"time":6944,"positionX":4.70852,"holdTime":0.0,"speed":1.0,"floorPosition":110.0625},{"type":2,"time":6952,"positionX":-0.886076,"holdTime":0.0,"speed":1.0,"floorPosition":110.231255},{"type":1,"time":6968,"positionX":-4.224215,"holdTime":0.0,"speed":1.0,"floorPosition":110.568756},{"type":1,"time":6976,"positionX":2.269059,"holdTime":0.0,"speed":1.0,"floorPosition":110.737495},{"type":1,"time":6984,"positionX":-2.251122,"holdTime":0.0,"speed":1.0,"floorPosition":110.90625},{"type":1,"time":6992,"positionX":3.348677,"holdTime":0.0,"speed":1.0,"floorPosition":111.075005},{"type":1,"time":7000,"positionX":-4.905829,"holdTime":0.0,"speed":1.0,"floorPosition":111.243744},{"type":2,"time":7008,"positionX":-2.646721,"holdTime":0.0,"speed":1.0,"floorPosition":111.412506},{"type":1,"time":7008,"positionX":4.582961,"holdTime":0.0,"speed":1.0,"floorPosition":111.412506},{"type":1,"time":7024,"positionX":-4.78027,"holdTime":0.0,"speed":1.0,"floorPosition":111.75},{"type":1,"time":7040,"positionX":-2.304934,"holdTime":0.0,"speed":1.0,"floorPosition":112.087494},{"type":1,"time":7040,"positionX":3.112109,"holdTime":0.0,"speed":1.0,"floorPosition":112.087494},{"type":1,"time":7056,"positionX":-2.502242,"holdTime":0.0,"speed":1.0,"floorPosition":112.424995},{"type":1,"time":7072,"positionX":4.887892,"holdTime":0.0,"speed":1.0,"floorPosition":112.762505},{"type":1,"time":7072,"positionX":-4.224215,"holdTime":0.0,"speed":1.0,"floorPosition":112.762505},{"type":2,"time":7080,"positionX":-2.082853,"holdTime":0.0,"speed":1.0,"floorPosition":112.931244},{"type":1,"time":7096,"positionX":-4.511211,"holdTime":0.0,"speed":1.0,"floorPosition":113.268745},{"type":1,"time":7104,"positionX":2.269059,"holdTime":0.0,"speed":1.0,"floorPosition":113.4375},{"type":1,"time":7112,"positionX":-2.089686,"holdTime":0.0,"speed":1.0,"floorPosition":113.606255},{"type":1,"time":7128,"positionX":-5.443946,"holdTime":0.0,"speed":1.0,"floorPosition":113.943756},{"type":1,"time":7136,"positionX":5.408072,"holdTime":0.0,"speed":1.0,"floorPosition":114.112495},{"type":2,"time":7136,"positionX":-3.222094,"holdTime":0.0,"speed":1.0,"floorPosition":114.112495},{"type":1,"time":7152,"positionX":-3.704036,"holdTime":0.0,"speed":1.0,"floorPosition":114.450005},{"type":1,"time":7168,"positionX":3.076233,"holdTime":0.0,"speed":1.0,"floorPosition":114.787506},{"type":1,"time":7168,"positionX":-1.748878,"holdTime":0.0,"speed":1.0,"floorPosition":114.787506},{"type":1,"time":7184,"positionX":-1.856503,"holdTime":0.0,"speed":1.0,"floorPosition":115.125},{"type":1,"time":7200,"positionX":4.475337,"holdTime":0.0,"speed":1.0,"floorPosition":115.462494},{"type":1,"time":7200,"positionX":-3.668161,"holdTime":0.0,"speed":1.0,"floorPosition":115.462494},{"type":1,"time":7224,"positionX":-2.484304,"holdTime":0.0,"speed":1.0,"floorPosition":115.96875},{"type":1,"time":7232,"positionX":2.502242,"holdTime":0.0,"speed":1.0,"floorPosition":116.137505},{"type":1,"time":7240,"positionX":-4.852018,"holdTime":0.0,"speed":1.0,"floorPosition":116.306244},{"type":1,"time":7248,"positionX":3.716917,"holdTime":0.0,"speed":1.0,"floorPosition":116.475006},{"type":1,"time":7256,"positionX":-2.699552,"holdTime":0.0,"speed":1.0,"floorPosition":116.643745},{"type":1,"time":7264,"positionX":5.300448,"holdTime":0.0,"speed":1.0,"floorPosition":116.8125},{"type":2,"time":7264,"positionX":-4.706559,"holdTime":0.0,"speed":1.0,"floorPosition":116.8125},{"type":1,"time":7280,"positionX":-1.874439,"holdTime":0.0,"speed":1.0,"floorPosition":117.149994},{"type":2,"time":7296,"positionX":0.01150703,"holdTime":0.0,"speed":1.0,"floorPosition":117.487495},{"type":2,"time":7328,"positionX":0.0,"holdTime":0.0,"speed":1.0,"floorPosition":117.85312},{"type":2,"time":7360,"positionX":-0.03452206,"holdTime":0.0,"speed":1.0,"floorPosition":118.21875},{"type":2,"time":7392,"positionX":-0.01150703,"holdTime":0.0,"speed":1.0,"floorPosition":118.58438},{"type":1,"time":7424,"positionX":2.179372,"holdTime":0.0,"speed":1.0,"floorPosition":119.18438},{"type":1,"time":7424,"positionX":-4.959641,"holdTime":0.0,"speed":1.0,"floorPosition":119.18438},{"type":1,"time":7456,"positionX":-3.590334,"holdTime":0.0,"speed":1.0,"floorPosition":119.78438},{"type":1,"time":7464,"positionX":2.934408,"holdTime":0.0,"speed":1.0,"floorPosition":119.93438},{"type":1,"time":7480,"positionX":2.053813,"holdTime":0.0,"speed":1.0,"floorPosition":120.234375},{"type":1,"time":7496,"positionX":-4.096663,"holdTime":0.0,"speed":1.0,"floorPosition":120.53438},{"type":1,"time":7504,"positionX":4.278027,"holdTime":0.0,"speed":1.0,"floorPosition":120.68438},{"type":1,"time":7512,"positionX":-4.085155,"holdTime":0.0,"speed":1.0,"floorPosition":120.83438},{"type":1,"time":7520,"positionX":1.982063,"holdTime":0.0,"speed":1.0,"floorPosition":120.984375},{"type":1,"time":7536,"positionX":5.103139,"holdTime":0.0,"speed":1.0,"floorPosition":121.28438},{"type":1,"time":7536,"positionX":-2.914799,"holdTime":0.0,"speed":1.0,"floorPosition":121.28438},{"type":1,"time":7552,"positionX":-4.654709,"holdTime":0.0,"speed":1.0,"floorPosition":121.58438},{"type":1,"time":7552,"positionX":2.340807,"holdTime":0.0,"speed":1.0,"floorPosition":121.58438},{"type":1,"time":7568,"positionX":2.017937,"holdTime":0.0,"speed":1.0,"floorPosition":121.88437},{"type":1,"time":7584,"positionX":-1.838565,"holdTime":0.0,"speed":1.0,"floorPosition":122.18438},{"type":1,"time":7592,"positionX":3.147983,"holdTime":0.0,"speed":1.0,"floorPosition":122.33438},{"type":1,"time":7608,"positionX":-1.103139,"holdTime":0.0,"speed":1.0,"floorPosition":122.63437},{"type":1,"time":7624,"positionX":-1.081703,"holdTime":0.0,"speed":1.0,"floorPosition":122.93438},{"type":1,"time":7640,"positionX":-3.52129,"holdTime":0.0,"speed":1.0,"floorPosition":123.234375},{"type":1,"time":7648,"positionX":6.44843,"holdTime":0.0,"speed":1.0,"floorPosition":123.38437},{"type":1,"time":7664,"positionX":2.717489,"holdTime":0.0,"speed":1.0,"floorPosition":123.68438},{"type":1,"time":7664,"positionX":-1.856503,"holdTime":0.0,"speed":1.0,"floorPosition":123.68438},{"type":1,"time":7680,"positionX":0.6367702,"holdTime":0.0,"speed":1.0,"floorPosition":123.984375},{"type":1,"time":7680,"positionX":-4.834081,"holdTime":0.0,"speed":1.0,"floorPosition":123.984375},{"type":1,"time":7712,"positionX":-3.542601,"holdTime":0.0,"speed":1.0,"floorPosition":124.58438},{"type":1,"time":7720,"positionX":2.911392,"holdTime":0.0,"speed":1.0,"floorPosition":124.734375},{"type":1,"time":7736,"positionX":1.964126,"holdTime":0.0,"speed":1.0,"floorPosition":125.03438},{"type":1,"time":7752,"positionX":-3.555811,"holdTime":0.0,"speed":1.0,"floorPosition":125.33438},{"type":1,"time":7760,"positionX":2.474108,"holdTime":0.0,"speed":1.0,"floorPosition":125.484375},{"type":1,"time":7768,"positionX":-3.578826,"holdTime":0.0,"speed":1.0,"floorPosition":125.63437},{"type":1,"time":7776,"positionX":0.0,"holdTime":0.0,"speed":1.0,"floorPosition":125.78438},{"type":1,"time":7792,"positionX":5.174887,"holdTime":0.0,"speed":1.0,"floorPosition":126.08438},{"type":1,"time":7792,"positionX":-0.02301502,"holdTime":0.0,"speed":1.0,"floorPosition":126.08438},{"type":1,"time":7808,"positionX":-4.982738,"holdTime":0.0,"speed":1.0,"floorPosition":126.38437},{"type":1,"time":7808,"positionX":-0.06904507,"holdTime":0.0,"speed":1.0,"floorPosition":126.38437},{"type":1,"time":7824,"positionX":2.609866,"holdTime":0.0,"speed":1.0,"floorPosition":126.68438},{"type":1,"time":7840,"positionX":-3.793722,"holdTime":0.0,"speed":1.0,"floorPosition":126.984375},{"type":1,"time":7848,"positionX":0.9955158,"holdTime":0.0,"speed":1.0,"floorPosition":127.13437},{"type":1,"time":7864,"positionX":-3.797468,"holdTime":0.0,"speed":1.0,"floorPosition":127.43438},{"type":1,"time":7880,"positionX":-0.4487915,"holdTime":0.0,"speed":1.0,"floorPosition":127.734375},{"type":1,"time":7896,"positionX":-2.830839,"holdTime":0.0,"speed":1.0,"floorPosition":128.03438},{"type":1,"time":7904,"positionX":3.820484,"holdTime":0.0,"speed":1.0,"floorPosition":128.18439},{"type":1,"time":7920,"positionX":-5.946188,"holdTime":0.0,"speed":1.0,"floorPosition":128.48438},{"type":1,"time":7920,"positionX":-0.6789408,"holdTime":0.0,"speed":1.0,"floorPosition":128.48438},{"type":1,"time":7936,"positionX":2.233183,"holdTime":0.0,"speed":1.0,"floorPosition":128.78438},{"type":1,"time":7936,"positionX":-3.399103,"holdTime":0.0,"speed":1.0,"floorPosition":128.78438},{"type":1,"time":7968,"positionX":-2.336019,"holdTime":0.0,"speed":1.0,"floorPosition":129.38437},{"type":1,"time":7976,"positionX":3.855007,"holdTime":0.0,"speed":1.0,"floorPosition":129.53438},{"type":1,"time":7992,"positionX":-4.407365,"holdTime":0.0,"speed":1.0,"floorPosition":129.83438},{"type":1,"time":8008,"positionX":-1.818182,"holdTime":0.0,"speed":1.0,"floorPosition":130.13437},{"type":1,"time":8016,"positionX":1.461884,"holdTime":0.0,"speed":1.0,"floorPosition":130.28438},{"type":1,"time":8024,"positionX":-1.772152,"holdTime":0.0,"speed":1.0,"floorPosition":130.43439},{"type":1,"time":8032,"positionX":1.530495,"holdTime":0.0,"speed":1.0,"floorPosition":130.58438},{"type":1,"time":8048,"positionX":2.735426,"holdTime":0.0,"speed":1.0,"floorPosition":130.88437},{"type":1,"time":8064,"positionX":-1.228699,"holdTime":0.0,"speed":1.0,"floorPosition":131.18439},{"type":1,"time":8080,"positionX":-0.8878918,"holdTime":0.0,"speed":1.0,"floorPosition":131.48438},{"type":2,"time":8096,"positionX":1.210764,"holdTime":0.0,"speed":1.0,"floorPosition":131.78438},{"type":2,"time":8104,"positionX":1.121077,"holdTime":0.0,"speed":1.0,"floorPosition":131.93439},{"type":2,"time":8120,"positionX":0.1883411,"holdTime":0.0,"speed":1.0,"floorPosition":132.23438},{"type":2,"time":8136,"positionX":2.053813,"holdTime":0.0,"speed":1.0,"floorPosition":132.53438},{"type":2,"time":8152,"positionX":2.143497,"holdTime":0.0,"speed":1.0,"floorPosition":132.83438},{"type":2,"time":8160,"positionX":1.641255,"holdTime":0.0,"speed":1.0,"floorPosition":132.98438},{"type":2,"time":8320,"positionX":-5.013453,"holdTime":0.0,"speed":1.0,"floorPosition":135.98438},{"type":2,"time":8336,"positionX":-4.744394,"holdTime":0.0,"speed":1.0,"floorPosition":136.28438},{"type":2,"time":8352,"positionX":-4.493274,"holdTime":0.0,"speed":1.0,"floorPosition":136.58438},{"type":2,"time":8368,"positionX":-3.991032,"holdTime":0.0,"speed":1.0,"floorPosition":136.88437},{"type":2,"time":8384,"positionX":0.2071342,"holdTime":0.0,"speed":1.0,"floorPosition":137.18439},{"type":2,"time":8400,"positionX":0.90909,"holdTime":0.0,"speed":1.0,"floorPosition":137.48438},{"type":2,"time":8416,"positionX":1.36939,"holdTime":0.0,"speed":1.0,"floorPosition":137.78438},{"type":2,"time":8432,"positionX":1.856503,"holdTime":0.0,"speed":1.0,"floorPosition":138.08438},{"type":1,"time":8448,"positionX":-3.41704,"holdTime":0.0,"speed":1.0,"floorPosition":138.38437},{"type":1,"time":8464,"positionX":-0.8699551,"holdTime":0.0,"speed":1.0,"floorPosition":138.68439},{"type":1,"time":8464,"positionX":4.134529,"holdTime":0.0,"speed":1.0,"floorPosition":138.68439},{"type":1,"time":8480,"positionX":1.497757,"holdTime":0.0,"speed":1.0,"floorPosition":138.98438},{"type":1,"time":8480,"positionX":-3.130045,"holdTime":0.0,"speed":1.0,"floorPosition":138.98438},{"type":1,"time":8504,"positionX":1.695066,"holdTime":0.0,"speed":1.0,"floorPosition":139.43439},{"type":1,"time":8520,"positionX":-1.820628,"holdTime":0.0,"speed":1.0,"floorPosition":139.73438},{"type":1,"time":8536,"positionX":3.542601,"holdTime":0.0,"speed":1.0,"floorPosition":140.03438},{"type":1,"time":8544,"positionX":-2.914799,"holdTime":0.0,"speed":1.0,"floorPosition":140.18439},{"type":1,"time":8560,"positionX":1.318387,"holdTime":0.0,"speed":1.0,"floorPosition":140.48438},{"type":1,"time":8576,"positionX":-2.807175,"holdTime":0.0,"speed":1.0,"floorPosition":140.78438},{"type":1,"time":8592,"positionX":2.538116,"holdTime":0.0,"speed":1.0,"floorPosition":141.08438},{"type":1,"time":8608,"positionX":-3.004484,"holdTime":0.0,"speed":1.0,"floorPosition":141.38437},{"type":1,"time":8616,"positionX":2.107624,"holdTime":0.0,"speed":1.0,"floorPosition":141.53438},{"type":1,"time":8632,"positionX":-0.6367712,"holdTime":0.0,"speed":1.0,"floorPosition":141.83438},{"type":1,"time":8648,"positionX":3.273542,"holdTime":0.0,"speed":1.0,"floorPosition":142.13437},{"type":1,"time":8664,"positionX":-3.981588,"holdTime":0.0,"speed":1.0,"floorPosition":142.43439},{"type":1,"time":8672,"positionX":1.713004,"holdTime":0.0,"speed":1.0,"floorPosition":142.58438},{"type":1,"time":8688,"positionX":-1.013453,"holdTime":0.0,"speed":1.0,"floorPosition":142.88437},{"type":1,"time":8688,"positionX":4.600897,"holdTime":0.0,"speed":1.0,"floorPosition":142.88437},{"type":1,"time":8704,"positionX":1.784754,"holdTime":0.0,"speed":1.0,"floorPosition":143.18439},{"type":1,"time":8704,"positionX":-3.73991,"holdTime":0.0,"speed":1.0,"floorPosition":143.18439},{"type":1,"time":8720,"positionX":-1.551569,"holdTime":0.0,"speed":1.0,"floorPosition":143.48438},{"type":1,"time":8736,"positionX":-1.533632,"holdTime":0.0,"speed":1.0,"floorPosition":143.78438},{"type":1,"time":8760,"positionX":3.004485,"holdTime":0.0,"speed":1.0,"floorPosition":144.23438},{"type":1,"time":8760,"positionX":-2.950672,"holdTime":0.0,"speed":1.0,"floorPosition":144.23438},{"type":1,"time":8776,"positionX":0.5470848,"holdTime":0.0,"speed":1.0,"floorPosition":144.53438},{"type":1,"time":8776,"positionX":5.533633,"holdTime":0.0,"speed":1.0,"floorPosition":144.53438},{"type":1,"time":8792,"positionX":-3.058296,"holdTime":0.0,"speed":1.0,"floorPosition":144.83438},{"type":1,"time":8800,"positionX":2.753363,"holdTime":0.0,"speed":1.0,"floorPosition":144.98438},{"type":1,"time":8816,"positionX":-2.753363,"holdTime":0.0,"speed":1.0,"floorPosition":145.28438},{"type":1,"time":8832,"positionX":2.627803,"holdTime":0.0,"speed":1.0,"floorPosition":145.58438},{"type":1,"time":8832,"positionX":-4.690582,"holdTime":0.0,"speed":1.0,"floorPosition":145.58438},{"type":1,"time":8848,"positionX":-0.5650225,"holdTime":0.0,"speed":1.0,"floorPosition":145.88437},{"type":1,"time":8864,"positionX":3.560538,"holdTime":0.0,"speed":1.0,"floorPosition":146.18439},{"type":1,"time":8872,"positionX":-2.717489,"holdTime":0.0,"speed":1.0,"floorPosition":146.33438},{"type":1,"time":8888,"positionX":2.502242,"holdTime":0.0,"speed":1.0,"floorPosition":146.63437},{"type":1,"time":8904,"positionX":-0.9417038,"holdTime":0.0,"speed":1.0,"floorPosition":146.93439},{"type":1,"time":8920,"positionX":4.026905,"holdTime":0.0,"speed":1.0,"floorPosition":147.23438},{"type":1,"time":8928,"positionX":-2.843049,"holdTime":0.0,"speed":1.0,"floorPosition":147.38437},{"type":1,"time":8944,"positionX":2.322869,"holdTime":0.0,"speed":1.0,"floorPosition":147.68439},{"type":1,"time":8960,"positionX":-2.896861,"holdTime":0.0,"speed":1.0,"floorPosition":147.98438},{"type":1,"time":8960,"positionX":4.600897,"holdTime":0.0,"speed":1.0,"floorPosition":147.98438},{"type":1,"time":8976,"positionX":-4.654709,"holdTime":0.0,"speed":1.0,"floorPosition":148.28438},{"type":1,"time":8976,"positionX":5.336323,"holdTime":0.0,"speed":1.0,"floorPosition":148.28438},{"type":1,"time":8992,"positionX":1.910314,"holdTime":0.0,"speed":1.0,"floorPosition":148.58438},{"type":1,"time":8992,"positionX":-6.609865,"holdTime":0.0,"speed":1.0,"floorPosition":148.58438},{"type":1,"time":9016,"positionX":-1.318386,"holdTime":0.0,"speed":1.0,"floorPosition":149.03438},{"type":1,"time":9016,"positionX":4.977578,"holdTime":0.0,"speed":1.0,"floorPosition":149.03438},{"type":1,"time":9032,"positionX":1.103139,"holdTime":0.0,"speed":1.0,"floorPosition":149.33438},{"type":1,"time":9032,"positionX":-4.834081,"holdTime":0.0,"speed":1.0,"floorPosition":149.33438},{"type":1,"time":9048,"positionX":-2.663677,"holdTime":0.0,"speed":1.0,"floorPosition":149.63437},{"type":1,"time":9048,"positionX":3.632288,"holdTime":0.0,"speed":1.0,"floorPosition":149.63437},{"type":1,"time":9056,"positionX":0.4035873,"holdTime":0.0,"speed":1.0,"floorPosition":149.78438},{"type":1,"time":9056,"positionX":-4.762331,"holdTime":0.0,"speed":1.0,"floorPosition":149.78438},{"type":1,"time":9072,"positionX":3.865471,"holdTime":0.0,"speed":1.0,"floorPosition":150.08438},{"type":1,"time":9088,"positionX":-4.044844,"holdTime":0.0,"speed":1.0,"floorPosition":150.38437},{"type":1,"time":9088,"positionX":0.6726456,"holdTime":0.0,"speed":1.0,"floorPosition":150.38437},{"type":1,"time":9104,"positionX":0.9237671,"holdTime":0.0,"speed":1.0,"floorPosition":150.68439},{"type":1,"time":9104,"positionX":5.551569,"holdTime":0.0,"speed":1.0,"floorPosition":150.68439},{"type":1,"time":9120,"positionX":-4.618834,"holdTime":0.0,"speed":1.0,"floorPosition":150.98438},{"type":1,"time":9120,"positionX":6.269059,"holdTime":0.0,"speed":1.0,"floorPosition":150.98438},{"type":1,"time":9128,"positionX":3.273542,"holdTime":0.0,"speed":1.0,"floorPosition":151.13437},{"type":1,"time":9128,"positionX":-2.358745,"holdTime":0.0,"speed":1.0,"floorPosition":151.13437},{"type":1,"time":9144,"positionX":0.3139019,"holdTime":0.0,"speed":1.0,"floorPosition":151.43439},{"type":1,"time":9160,"positionX":-2.233183,"holdTime":0.0,"speed":1.0,"floorPosition":151.73438},{"type":1,"time":9176,"positionX":0.8515539,"holdTime":0.0,"speed":1.0,"floorPosition":152.03438},{"type":1,"time":9176,"positionX":5.063291,"holdTime":0.0,"speed":1.0,"floorPosition":152.03438},{"type":1,"time":9184,"positionX":-1.766816,"holdTime":0.0,"speed":1.0,"floorPosition":152.18439},{"type":1,"time":9184,"positionX":2.502242,"holdTime":0.0,"speed":1.0,"floorPosition":152.18439},{"type":1,"time":9200,"positionX":3.337169,"holdTime":0.0,"speed":1.0,"floorPosition":152.48438},{"type":3,"time":9216,"positionX":-3.668161,"holdTime":64.0,"speed":1.6,"floorPosition":152.78438},{"type":4,"time":9248,"positionX":1.784754,"holdTime":0.0,"speed":1.0,"floorPosition":153.38437},{"type":3,"time":9280,"positionX":3.399103,"holdTime":64.0,"speed":1.6,"floorPosition":153.98438},{"type":4,"time":9312,"positionX":-2.32287,"holdTime":0.0,"speed":1.0,"floorPosition":154.58438},{"type":2,"time":9344,"positionX":-2.52018,"holdTime":0.0,"speed":1.0,"floorPosition":155.18439},{"type":2,"time":9344,"positionX":-0.7249718,"holdTime":0.0,"speed":1.0,"floorPosition":155.18439},{"type":2,"time":9348,"positionX":-2.52018,"holdTime":0.0,"speed":1.0,"floorPosition":155.25937},{"type":2,"time":9352,"positionX":-2.538116,"holdTime":0.0,"speed":1.0,"floorPosition":155.33438},{"type":2,"time":9356,"positionX":-2.538116,"holdTime":0.0,"speed":1.0,"floorPosition":155.40938},{"type":2,"time":9356,"positionX":-0.6905832,"holdTime":0.0,"speed":1.0,"floorPosition":155.40938},{"type":2,"time":9360,"positionX":-2.52018,"holdTime":0.0,"speed":1.0,"floorPosition":155.48438},{"type":2,"time":9364,"positionX":-2.466368,"holdTime":0.0,"speed":1.0,"floorPosition":155.55939},{"type":2,"time":9368,"positionX":-0.6214037,"holdTime":0.0,"speed":1.0,"floorPosition":155.63437},{"type":2,"time":9368,"positionX":-2.448431,"holdTime":0.0,"speed":1.0,"floorPosition":155.63437},{"type":2,"time":9376,"positionX":3.93722,"holdTime":0.0,"speed":1.0,"floorPosition":155.78438},{"type":2,"time":9380,"positionX":2.12556,"holdTime":0.0,"speed":1.0,"floorPosition":155.85938},{"type":2,"time":9380,"positionX":5.028769,"holdTime":0.0,"speed":1.0,"floorPosition":155.85938},{"type":2,"time":9384,"positionX":5.515695,"holdTime":0.0,"speed":1.0,"floorPosition":155.93439},{"type":2,"time":9388,"positionX":4.690584,"holdTime":0.0,"speed":1.0,"floorPosition":156.00937},{"type":2,"time":9392,"positionX":3.345292,"holdTime":0.0,"speed":1.0,"floorPosition":156.08438},{"type":2,"time":9396,"positionX":2.278481,"holdTime":0.0,"speed":1.0,"floorPosition":156.15938},{"type":2,"time":9400,"positionX":5.52359,"holdTime":0.0,"speed":1.0,"floorPosition":156.23438},{"type":2,"time":9400,"positionX":2.566168,"holdTime":0.0,"speed":1.0,"floorPosition":156.23438},{"type":2,"time":9404,"positionX":3.843498,"holdTime":0.0,"speed":1.0,"floorPosition":156.30939},{"type":1,"time":9520,"positionX":2.717489,"holdTime":0.0,"speed":1.0,"floorPosition":158.48438},{"type":1,"time":9536,"positionX":-3.470852,"holdTime":0.0,"speed":1.0,"floorPosition":158.78438},{"type":1,"time":9560,"positionX":-3.345291,"holdTime":0.0,"speed":1.0,"floorPosition":159.23438},{"type":1,"time":9584,"positionX":1.659193,"holdTime":0.0,"speed":1.0,"floorPosition":159.68439},{"type":1,"time":9600,"positionX":-1.47982,"holdTime":0.0,"speed":1.0,"floorPosition":159.98438},{"type":1,"time":9624,"positionX":2.143497,"holdTime":0.0,"speed":1.0,"floorPosition":160.43439},{"type":1,"time":9648,"positionX":-3.345291,"holdTime":0.0,"speed":1.0,"floorPosition":160.88437},{"type":1,"time":9664,"positionX":1.372196,"holdTime":0.0,"speed":1.0,"floorPosition":161.18439},{"type":1,"time":9688,"positionX":1.748878,"holdTime":0.0,"speed":1.0,"floorPosition":161.55},{"type":1,"time":9712,"positionX":-2.107623,"holdTime":0.0,"speed":1.0,"floorPosition":161.91563},{"type":1,"time":9728,"positionX":2.304933,"holdTime":0.0,"speed":1.0,"floorPosition":162.15938},{"type":1,"time":9752,"positionX":4.439461,"holdTime":0.0,"speed":1.0,"floorPosition":162.52501},{"type":1,"time":9776,"positionX":-0.6008968,"holdTime":0.0,"speed":1.0,"floorPosition":162.89062},{"type":1,"time":9792,"positionX":-3.434978,"holdTime":0.0,"speed":1.0,"floorPosition":163.13438},{"type":1,"time":9816,"positionX":-3.255606,"holdTime":0.0,"speed":1.0,"floorPosition":163.5},{"type":1,"time":9840,"positionX":-0.8878918,"holdTime":0.0,"speed":1.0,"floorPosition":163.86563},{"type":4,"time":9856,"positionX":2.143497,"holdTime":0.0,"speed":1.0,"floorPosition":164.10938},{"type":4,"time":9920,"positionX":-1.982063,"holdTime":0.0,"speed":1.0,"floorPosition":165.08438},{"type":4,"time":9952,"positionX":1.657077,"holdTime":0.0,"speed":1.0,"floorPosition":165.57188},{"type":1,"time":10368,"positionX":-2.538116,"holdTime":0.0,"speed":1.0,"floorPosition":1098.1312},{"type":1,"time":10368,"positionX":3.309417,"holdTime":0.0,"speed":1.0,"floorPosition":1098.1312},{"type":2,"time":10376,"positionX":2.789237,"holdTime":0.0,"speed":1.0,"floorPosition":1098.2532},{"type":2,"time":10384,"positionX":2.376681,"holdTime":0.0,"speed":1.0,"floorPosition":1098.375},{"type":2,"time":10392,"positionX":1.659193,"holdTime":0.0,"speed":1.0,"floorPosition":1098.4968},{"type":2,"time":10400,"positionX":1.192825,"holdTime":0.0,"speed":1.0,"floorPosition":1098.6187},{"type":2,"time":10408,"positionX":0.7264576,"holdTime":0.0,"speed":1.0,"floorPosition":1098.7406},{"type":2,"time":10416,"positionX":0.6905832,"holdTime":0.0,"speed":1.0,"floorPosition":1098.8625},{"type":2,"time":10424,"positionX":1.049328,"holdTime":0.0,"speed":1.0,"floorPosition":1098.9844},{"type":1,"time":10432,"positionX":-3.29148,"holdTime":0.0,"speed":1.0,"floorPosition":1099.1062},{"type":1,"time":10448,"positionX":-0.1150751,"holdTime":0.0,"speed":1.0,"floorPosition":1099.35},{"type":4,"time":10464,"positionX":2.717489,"holdTime":0.0,"speed":1.0,"floorPosition":1099.5938},{"type":1,"time":10464,"positionX":-3.668161,"holdTime":0.0,"speed":1.0,"floorPosition":1099.5938},{"type":4,"time":10496,"positionX":-1.784753,"holdTime":0.0,"speed":1.0,"floorPosition":1100.0813},{"type":1,"time":10496,"positionX":3.901346,"holdTime":0.0,"speed":1.0,"floorPosition":1100.0813},{"type":4,"time":10560,"positionX":-2.950672,"holdTime":0.0,"speed":1.0,"floorPosition":1101.0562},{"type":4,"time":10584,"positionX":2.735426,"holdTime":0.0,"speed":1.0,"floorPosition":1101.4219},{"type":4,"time":10608,"positionX":-1.892377,"holdTime":0.0,"speed":1.0,"floorPosition":1101.7875}],"notesBelow":[{"type":1,"time":2240,"positionX":-3.855007,"holdTime":0.0,"speed":1.0,"floorPosition":37.2},{"type":1,"time":2240,"positionX":3.521288,"holdTime":0.0,"speed":1.0,"floorPosition":37.2},{"type":1,"time":2256,"positionX":-3.831989,"holdTime":0.0,"speed":1.0,"floorPosition":37.425003},{"type":1,"time":2256,"positionX":3.475258,"holdTime":0.0,"speed":1.0,"floorPosition":37.425003},{"type":1,"time":2272,"positionX":-3.855007,"holdTime":0.0,"speed":1.0,"floorPosition":37.65},{"type":1,"time":2272,"positionX":3.452244,"holdTime":0.0,"speed":1.0,"floorPosition":37.65},{"type":1,"time":3840,"positionX":4.044842,"holdTime":0.0,"speed":1.0,"floorPosition":64.5375},{"type":1,"time":3904,"positionX":-4.116592,"holdTime":0.0,"speed":1.0,"floorPosition":65.587494},{"type":4,"time":4288,"positionX":-0.3139019,"holdTime":0.0,"speed":1.0,"floorPosition":71.8875},{"type":2,"time":4312,"positionX":-3.309418,"holdTime":0.0,"speed":1.0,"floorPosition":72.28125},{"type":2,"time":4336,"positionX":-3.363228,"holdTime":0.0,"speed":1.0,"floorPosition":72.674995},{"type":1,"time":4544,"positionX":1.192825,"holdTime":0.0,"speed":1.0,"floorPosition":76.087494},{"type":1,"time":4672,"positionX":-1.641256,"holdTime":0.0,"speed":1.0,"floorPosition":78.1875},{"type":1,"time":4736,"positionX":4.565022,"holdTime":0.0,"speed":1.0,"floorPosition":79.237495},{"type":1,"time":5056,"positionX":-2.484306,"holdTime":0.0,"speed":1.0,"floorPosition":84.487495},{"type":2,"time":5248,"positionX":1.856503,"holdTime":0.0,"speed":1.0,"floorPosition":87.6375},{"type":2,"time":5272,"positionX":-0.421524,"holdTime":0.0,"speed":1.0,"floorPosition":88.03125},{"type":2,"time":5296,"positionX":-2.860985,"holdTime":0.0,"speed":1.0,"floorPosition":88.424995},{"type":2,"time":5320,"positionX":-4.044842,"holdTime":0.0,"speed":1.0,"floorPosition":88.81875},{"type":2,"time":5344,"positionX":-5.730942,"holdTime":0.0,"speed":1.0,"floorPosition":89.212494},{"type":2,"time":5760,"positionX":5.533634,"holdTime":0.0,"speed":1.0,"floorPosition":93.337494},{"type":2,"time":5768,"positionX":5.121077,"holdTime":0.0,"speed":1.0,"floorPosition":93.4125},{"type":2,"time":5776,"positionX":4.831322,"holdTime":0.0,"speed":1.0,"floorPosition":93.487495},{"type":2,"time":5784,"positionX":4.486098,"holdTime":0.0,"speed":1.0,"floorPosition":93.56249},{"type":2,"time":5792,"positionX":4.278027,"holdTime":0.0,"speed":1.0,"floorPosition":93.6375},{"type":1,"time":5808,"positionX":2.197309,"holdTime":0.0,"speed":1.0,"floorPosition":93.7875},{"type":1,"time":5824,"positionX":-0.1704044,"holdTime":0.0,"speed":1.0,"floorPosition":93.93749},{"type":1,"time":5840,"positionX":-0.1165924,"holdTime":0.0,"speed":1.0,"floorPosition":94.087494},{"type":1,"time":5856,"positionX":-0.08071709,"holdTime":0.0,"speed":1.0,"floorPosition":94.237495},{"type":2,"time":6016,"positionX":-1.049328,"holdTime":0.0,"speed":1.0,"floorPosition":95.737495},{"type":2,"time":6048,"positionX":-2.05381,"holdTime":0.0,"speed":1.0,"floorPosition":96.03749},{"type":2,"time":6064,"positionX":-2.107624,"holdTime":0.0,"speed":1.0,"floorPosition":96.1875},{"type":2,"time":6080,"positionX":-2.853015,"holdTime":0.0,"speed":1.0,"floorPosition":96.337494},{"type":2,"time":6096,"positionX":-3.79372,"holdTime":0.0,"speed":1.0,"floorPosition":96.487495},{"type":2,"time":6112,"positionX":-3.546871,"holdTime":0.0,"speed":1.0,"floorPosition":96.6375},{"type":2,"time":6128,"positionX":-2.771301,"holdTime":0.0,"speed":1.0,"floorPosition":96.78749},{"type":2,"time":6144,"positionX":-1.67713,"holdTime":0.0,"speed":1.0,"floorPosition":96.9375},{"type":2,"time":8176,"positionX":0.9775772,"holdTime":0.0,"speed":1.0,"floorPosition":133.28438},{"type":2,"time":8192,"positionX":-0.4394608,"holdTime":0.0,"speed":1.0,"floorPosition":133.58438},{"type":2,"time":8208,"positionX":-0.08071709,"holdTime":0.0,"speed":1.0,"floorPosition":133.88437},{"type":2,"time":8224,"positionX":-0.2511215,"holdTime":0.0,"speed":1.0,"floorPosition":134.18439},{"type":2,"time":8240,"positionX":-0.2959652,"holdTime":0.0,"speed":1.0,"floorPosition":134.48438},{"type":2,"time":8256,"positionX":-3.596413,"holdTime":0.0,"speed":1.0,"floorPosition":134.78438},{"type":2,"time":8272,"positionX":-3.255608,"holdTime":0.0,"speed":1.0,"floorPosition":135.08438},{"type":2,"time":8288,"positionX":-3.201794,"holdTime":0.0,"speed":1.0,"floorPosition":135.38437},{"type":2,"time":8304,"positionX":-2.484306,"holdTime":0.0,"speed":1.0,"floorPosition":135.68439}],"speedEvents":[{"startTime":-8533.0,"endTime":256.0,"value":1.0},{"startTime":256.0,"endTime":640.0,"value":1.5},{"startTime":640.0,"endTime":704.0,"value":1.0},{"startTime":704.0,"endTime":736.0,"value":0.0},{"startTime":736.0,"endTime":1088.0,"value":1.0},{"startTime":1088.0,"endTime":2176.0,"value":1.7},{"startTime":2176.0,"endTime":2272.0,"value":1.2},{"startTime":2272.0,"endTime":3264.0,"value":1.5},{"startTime":3264.0,"endTime":5376.0,"value":1.4},{"startTime":5376.0,"endTime":6464.0,"value":0.8},{"startTime":6464.0,"endTime":7296.0,"value":1.8},{"startTime":7296.0,"endTime":7320.0,"value":0.3},{"startTime":7320.0,"endTime":7328.0,"value":3.0},{"startTime":7328.0,"endTime":7352.0,"value":0.3},{"startTime":7352.0,"endTime":7360.0,"value":3.0},{"startTime":7360.0,"endTime":7384.0,"value":0.3},{"startTime":7384.0,"endTime":7392.0,"value":3.0},{"startTime":7392.0,"endTime":9664.0,"value":1.6},{"startTime":9664.0,"endTime":9984.0,"value":1.3},{"startTime":9984.0,"endTime":9992.0,"value":10000.0},{"startTime":9992.0,"endTime":10304.0,"value":-3.0},{"startTime":10304.0,"endTime":10312.0,"value":50.0},{"startTime":10312.0,"endTime":7372800.0,"value":1.3}],"judgeLineMoveEvents":[{"startTime":-8533.0,"endTime":0.0,"start":440260.0,"end":440260.0},{"startTime":0.0,"endTime":128.0,"start":440260.0,"end":440000.0},{"startTime":128.0,"endTime":192.0,"start":440260.0,"end":440260.0},{"startTime":192.0,"endTime":208.0,"start":440000.0,"end":440260.0},{"startTime":208.0,"endTime":224.0,"start":440260.0,"end":440000.0},{"startTime":224.0,"endTime":1088.0,"start":440260.0,"end":440260.0},{"startTime":1088.0,"endTime":1152.0,"start":440260.0,"end":440156.0},{"startTime":1152.0,"endTime":1312.0,"start":440156.0,"end":440156.0},{"startTime":1312.0,"endTime":1536.0,"start":440156.0,"end":352156.0},{"startTime":1536.0,"endTime":1664.0,"start":352156.0,"end":440156.0},{"startTime":1664.0,"endTime":1824.0,"start":440156.0,"end":440156.0},{"startTime":1824.0,"endTime":2048.0,"start":440156.0,"end":528156.0},{"startTime":2048.0,"endTime":2176.0,"start":528156.0,"end":440156.0},{"startTime":2176.0,"endTime":2240.0,"start":440156.0,"end":440260.0},{"startTime":2240.0,"endTime":2304.0,"start":440260.0,"end":440260.0},{"startTime":2304.0,"endTime":2432.0,"start":440260.0,"end":352130.0},{"startTime":2432.0,"endTime":2816.0,"start":352130.0,"end":528130.0},{"startTime":2816.0,"endTime":3072.0,"start":528130.0,"end":440260.0},{"startTime":3072.0,"endTime":3328.0,"start":440260.0,"end":440260.0},{"startTime":3328.0,"endTime":3584.0,"start":440260.0,"end":440156.0},{"startTime":3584.0,"endTime":3840.0,"start":440156.0,"end":440104.0},{"startTime":3840.0,"endTime":4224.0,"start":440104.0,"end":440156.0},{"startTime":4224.0,"endTime":4352.0,"start":440156.0,"end":440156.0},{"startTime":4352.0,"endTime":4480.0,"start":440156.0,"end":395156.0},{"startTime":4480.0,"endTime":4608.0,"start":395156.0,"end":306208.0},{"startTime":4608.0,"endTime":4736.0,"start":306208.0,"end":264156.0},{"startTime":4736.0,"endTime":4864.0,"start":264156.0,"end":176156.0},{"startTime":4864.0,"endTime":4992.0,"start":176156.0,"end":176208.0},{"startTime":4992.0,"endTime":5120.0,"start":176208.0,"end":176156.0},{"startTime":5120.0,"endTime":5248.0,"start":176156.0,"end":88156.0},{"startTime":5248.0,"endTime":5376.0,"start":88156.0,"end":88208.0},{"startTime":5376.0,"endTime":5888.0,"start":88208.0,"end":88156.0},{"startTime":5888.0,"endTime":6400.0,"start":88156.0,"end":88208.0},{"startTime":6400.0,"endTime":8000.0,"start":440052.0,"end":440052.0},{"startTime":8000.0,"endTime":8064.0,"start":440052.0,"end":440208.0},{"startTime":8064.0,"endTime":8192.0,"start":440208.0,"end":352208.0},{"startTime":8192.0,"endTime":8320.0,"start":352208.0,"end":264156.0},{"startTime":8320.0,"endTime":8448.0,"start":264156.0,"end":440104.0},{"startTime":8448.0,"endTime":9472.0,"start":440104.0,"end":440052.0},{"startTime":9472.0,"endTime":9536.0,"start":440052.0,"end":440052.0},{"startTime":9536.0,"endTime":9664.0,"start":440052.0,"end":440130.0},{"startTime":9664.0,"endTime":9728.0,"start":440130.0,"end":440260.0},{"startTime":9728.0,"endTime":7372800.0,"start":440260.0,"end":440260.0}],"judgeLineRotateEvents":[{"startTime":-8533.0,"endTime":368.0,"start":0.0,"end":0.0},{"startTime":368.0,"endTime":384.0,"start":10.0,"end":0.0},{"startTime":384.0,"endTime":416.0,"start":10.0,"end":0.0},{"startTime":416.0,"endTime":1216.0,"start":0.0,"end":0.0},{"startTime":1216.0,"endTime":1248.0,"start":10.0,"end":0.0},{"startTime":1248.0,"endTime":1280.0,"start":-9.0,"end":0.0},{"startTime":1280.0,"endTime":1312.0,"start":10.0,"end":0.0},{"startTime":1312.0,"endTime":1536.0,"start":0.0,"end":-50.0},{"startTime":1536.0,"endTime":1664.0,"start":-49.0,"end":0.0},{"startTime":1664.0,"endTime":1728.0,"start":0.0,"end":0.0},{"startTime":1728.0,"endTime":1760.0,"start":-9.0,"end":0.0},{"startTime":1760.0,"endTime":1792.0,"start":10.0,"end":0.0},{"startTime":1792.0,"endTime":1824.0,"start":-9.0,"end":0.0},{"startTime":1824.0,"endTime":2048.0,"start":0.0,"end":50.0},{"startTime":2048.0,"endTime":2176.0,"start":50.0,"end":0.0},{"startTime":2176.0,"endTime":2240.0,"start":0.0,"end":0.0},{"startTime":2240.0,"endTime":2256.0,"start":10.0,"end":0.0},{"startTime":2256.0,"endTime":2272.0,"start":-9.0,"end":0.0},{"startTime":2272.0,"endTime":2304.0,"start":10.0,"end":0.0},{"startTime":2304.0,"endTime":2432.0,"start":0.0,"end":-5.0},{"startTime":2432.0,"endTime":2816.0,"start":-4.0,"end":5.0},{"startTime":2816.0,"endTime":3072.0,"start":5.0,"end":0.0},{"startTime":3072.0,"endTime":3104.0,"start":0.0,"end":0.0},{"startTime":3104.0,"endTime":3115.0,"start":45.0,"end":45.0},{"startTime":3115.0,"endTime":3125.0,"start":-89.0,"end":-90.0},{"startTime":3125.0,"endTime":3136.0,"start":185.0,"end":185.0},{"startTime":3136.0,"endTime":3144.0,"start":-59.0,"end":-60.0},{"startTime":3144.0,"endTime":3152.0,"start":135.0,"end":135.0},{"startTime":3152.0,"endTime":3160.0,"start":-29.0,"end":-30.0},{"startTime":3160.0,"endTime":3168.0,"start":170.0,"end":170.0},{"startTime":3168.0,"endTime":3584.0,"start":0.0,"end":0.0},{"startTime":3584.0,"endTime":3712.0,"start":0.0,"end":20.0},{"startTime":3712.0,"endTime":3840.0,"start":20.0,"end":180.0},{"startTime":3840.0,"endTime":4224.0,"start":180.0,"end":540.0},{"startTime":4224.0,"endTime":4288.0,"start":180.0,"end":200.0},{"startTime":4288.0,"endTime":4352.0,"start":200.0,"end":270.0},{"startTime":4352.0,"endTime":4480.0,"start":270.0,"end":450.0},{"startTime":4480.0,"endTime":4736.0,"start":90.0,"end":450.0},{"startTime":4736.0,"endTime":4992.0,"start":90.0,"end":450.0},{"startTime":4992.0,"endTime":5248.0,"start":90.0,"end":450.0},{"startTime":5248.0,"endTime":5376.0,"start":90.0,"end":270.0},{"startTime":5376.0,"endTime":5888.0,"start":270.0,"end":450.0},{"startTime":5888.0,"endTime":6400.0,"start":90.0,"end":270.0},{"startTime":6400.0,"endTime":8000.0,"start":0.0,"end":0.0},{"startTime":8000.0,"endTime":8064.0,"start":0.0,"end":20.0},{"startTime":8064.0,"endTime":8448.0,"start":20.0,"end":360.0},{"startTime":8448.0,"endTime":9536.0,"start":0.0,"end":0.0},{"startTime":9536.0,"endTime":9664.0,"start":0.0,"end":10.0},{"startTime":9664.0,"endTime":9728.0,"start":10.0,"end":20.0},{"startTime":9728.0,"endTime":9984.0,"start":20.0,"end":180.0},{"startTime":9984.0,"endTime":10304.0,"start":180.0,"end":1440.0},{"startTime":10304.0,"endTime":10464.0,"start":0.0,"end":0.0},{"startTime":10464.0,"endTime":10496.0,"start":-9.0,"end":0.0},{"startTime":10496.0,"endTime":10528.0,"start":-9.0,"end":0.0},{"startTime":10528.0,"endTime":10560.0,"start":0.0,"end":0.0},{"startTime":10560.0,"endTime":10584.0,"start":10.0,"end":0.0},{"startTime":10584.0,"endTime":10608.0,"start":10.0,"end":0.0},{"startTime":10608.0,"endTime":10632.0,"start":10.0,"end":0.0},{"startTime":10632.0,"endTime":7372800.0,"start":0.0,"end":0.0}],"judgeLineDisappearEvents":[{"startTime":-8533.0,"endTime":0.0,"start":1.0,"end":1.0},{"startTime":0.0,"endTime":128.0,"start":1.0,"end":0.0},{"startTime":128.0,"endTime":192.0,"start":0.0,"end":0.0},{"startTime":192.0,"endTime":224.0,"start":1.0,"end":1.0},{"startTime":224.0,"endTime":256.0,"start":0.0,"end":0.0},{"startTime":256.0,"endTime":416.0,"start":1.0,"end":1.0},{"startTime":416.0,"endTime":448.0,"start":1.0,"end":0.0},{"startTime":448.0,"endTime":512.0,"start":0.0,"end":0.0},{"startTime":512.0,"endTime":2784.0,"start":1.0,"end":1.0},{"startTime":2784.0,"endTime":2800.0,"start":1.0,"end":0.0},{"startTime":2800.0,"endTime":2816.0,"start":0.0,"end":1.0},{"startTime":2816.0,"endTime":6336.0,"start":1.0,"end":1.0},{"startTime":6336.0,"endTime":6400.0,"start":1.0,"end":0.0},{"startTime":6400.0,"endTime":6656.0,"start":0.0,"end":0.0},{"startTime":6656.0,"endTime":9408.0,"start":1.0,"end":1.0},{"startTime":9408.0,"endTime":9440.0,"start":0.0,"end":0.0},{"startTime":9440.0,"endTime":7372800.0,"start":1.0,"end":1.0}]},{"bpm":160.0,"notesAbove":[{"type":2,"time":832,"positionX":2.0,"holdTime":0.0,"speed":1.0,"floorPosition":8.625},{"type":2,"time":3696,"positionX":-6.645741,"holdTime":0.0,"speed":1.0,"floorPosition":42.1875},{"type":2,"time":3712,"positionX":-5.497757,"holdTime":0.0,"speed":1.0,"floorPosition":42.375},{"type":2,"time":3736,"positionX":-5.928253,"holdTime":0.0,"speed":1.0,"floorPosition":42.65625},{"type":2,"time":3760,"positionX":-5.587444,"holdTime":0.0,"speed":1.0,"floorPosition":42.9375},{"type":2,"time":3784,"positionX":-6.663677,"holdTime":0.0,"speed":1.0,"floorPosition":43.21875},{"type":2,"time":3808,"positionX":-5.42601,"holdTime":0.0,"speed":1.0,"floorPosition":43.5},{"type":2,"time":3824,"positionX":-5.270552,"holdTime":0.0,"speed":1.0,"floorPosition":43.6875},{"type":2,"time":3952,"positionX":-4.672646,"holdTime":0.0,"speed":1.0,"floorPosition":45.1875},{"type":2,"time":3968,"positionX":-4.734143,"holdTime":0.0,"speed":1.0,"floorPosition":45.375},{"type":2,"time":4080,"positionX":-0.3139,"holdTime":0.0,"speed":1.0,"floorPosition":46.6875},{"type":2,"time":4096,"positionX":-0.3318367,"holdTime":0.0,"speed":1.0,"floorPosition":46.875},{"type":2,"time":4144,"positionX":-0.816143,"holdTime":0.0,"speed":1.0,"floorPosition":47.4375},{"type":2,"time":4160,"positionX":-0.869957,"holdTime":0.0,"speed":1.0,"floorPosition":47.625},{"type":2,"time":4224,"positionX":5.139015,"holdTime":0.0,"speed":1.0,"floorPosition":48.375},{"type":2,"time":4248,"positionX":5.318386,"holdTime":0.0,"speed":1.0,"floorPosition":48.65625},{"type":2,"time":4272,"positionX":5.372196,"holdTime":0.0,"speed":1.0,"floorPosition":48.9375},{"type":1,"time":4992,"positionX":1.372196,"holdTime":0.0,"speed":1.0,"floorPosition":57.375},{"type":1,"time":5184,"positionX":0.04484177,"holdTime":0.0,"speed":1.0,"floorPosition":59.625},{"type":1,"time":5536,"positionX":-1.641254,"holdTime":0.0,"speed":1.0,"floorPosition":63.375},{"type":1,"time":5552,"positionX":1.067265,"holdTime":0.0,"speed":1.0,"floorPosition":63.524998},{"type":1,"time":5568,"positionX":-1.982063,"holdTime":0.0,"speed":1.0,"floorPosition":63.675003},{"type":1,"time":5584,"positionX":0.5470848,"holdTime":0.0,"speed":1.0,"floorPosition":63.824997},{"type":1,"time":5600,"positionX":3.309418,"holdTime":0.0,"speed":1.0,"floorPosition":63.975002},{"type":1,"time":5616,"positionX":1.121075,"holdTime":0.0,"speed":1.0,"floorPosition":64.125},{"type":1,"time":5632,"positionX":3.201794,"holdTime":0.0,"speed":1.0,"floorPosition":64.274994}],"notesBelow":[{"type":1,"time":4608,"positionX":4.349777,"holdTime":0.0,"speed":1.0,"floorPosition":52.875},{"type":2,"time":4784,"positionX":-2.771301,"holdTime":0.0,"speed":1.0,"floorPosition":54.9375},{"type":2,"time":4808,"positionX":-4.90583,"holdTime":0.0,"speed":1.0,"floorPosition":55.21875},{"type":2,"time":4832,"positionX":-4.85202,"holdTime":0.0,"speed":1.0,"floorPosition":55.5},{"type":2,"time":4848,"positionX":-4.116592,"holdTime":0.0,"speed":1.0,"floorPosition":55.6875},{"type":2,"time":4864,"positionX":-3.237671,"holdTime":0.0,"speed":1.0,"floorPosition":55.875},{"type":1,"time":5888,"positionX":3.187569,"holdTime":0.0,"speed":1.0,"floorPosition":66.675},{"type":1,"time":5920,"positionX":7.111622,"holdTime":0.0,"speed":1.0,"floorPosition":66.975006},{"type":1,"time":5936,"positionX":5.443947,"holdTime":0.0,"speed":1.0,"floorPosition":67.125},{"type":1,"time":5952,"positionX":6.892982,"holdTime":0.0,"speed":1.0,"floorPosition":67.274994},{"type":1,"time":5968,"positionX":4.062782,"holdTime":0.0,"speed":1.0,"floorPosition":67.425},{"type":1,"time":5984,"positionX":0.02690887,"holdTime":0.0,"speed":1.0,"floorPosition":67.575},{"type":1,"time":6176,"positionX":-1.910316,"holdTime":0.0,"speed":1.0,"floorPosition":69.375},{"type":1,"time":6192,"positionX":-0.6008987,"holdTime":0.0,"speed":1.0,"floorPosition":69.524994},{"type":1,"time":6208,"positionX":-2.197311,"holdTime":0.0,"speed":1.0,"floorPosition":69.675},{"type":1,"time":6224,"positionX":-2.035873,"holdTime":0.0,"speed":1.0,"floorPosition":69.825},{"type":1,"time":6240,"positionX":-0.4932709,"holdTime":0.0,"speed":1.0,"floorPosition":69.975006},{"type":1,"time":6256,"positionX":-2.286995,"holdTime":0.0,"speed":1.0,"floorPosition":70.125},{"type":2,"time":6272,"positionX":1.874443,"holdTime":0.0,"speed":1.0,"floorPosition":70.274994},{"type":2,"time":6280,"positionX":1.408073,"holdTime":0.0,"speed":1.0,"floorPosition":70.350006},{"type":2,"time":6288,"positionX":1.408073,"holdTime":0.0,"speed":1.0,"floorPosition":70.425},{"type":2,"time":6296,"positionX":1.121078,"holdTime":0.0,"speed":1.0,"floorPosition":70.5},{"type":2,"time":6304,"positionX":0.708519,"holdTime":0.0,"speed":1.0,"floorPosition":70.575},{"type":1,"time":6320,"positionX":-2.035873,"holdTime":0.0,"speed":1.0,"floorPosition":70.725006},{"type":1,"time":6336,"positionX":-0.2600861,"holdTime":0.0,"speed":1.0,"floorPosition":70.875}],"speedEvents":[{"startTime":-8533.0,"endTime":704.0,"value":1.0},{"startTime":704.0,"endTime":800.0,"value":0.0},{"startTime":800.0,"endTime":4288.0,"value":1.0},{"startTime":4288.0,"endTime":5376.0,"value":1.0},{"startTime":5376.0,"endTime":7372800.0,"value":0.8}],"judgeLineMoveEvents":[{"startTime":-8533.0,"endTime":224.0,"start":440260.0,"end":440260.0},{"startTime":224.0,"endTime":256.0,"start":176260.0,"end":176260.0},{"startTime":256.0,"endTime":480.0,"start":440260.0,"end":440260.0},{"startTime":480.0,"endTime":512.0,"start":176260.0,"end":176260.0},{"startTime":512.0,"endTime":3200.0,"start":440260.0,"end":440260.0},{"startTime":3200.0,"endTime":3296.0,"start":220260.0,"end":220260.0},{"startTime":3296.0,"endTime":3456.0,"start":440260.0,"end":440260.0},{"startTime":3456.0,"endTime":3584.0,"start":440156.0,"end":440156.0},{"startTime":3584.0,"endTime":3840.0,"start":440156.0,"end":440104.0},{"startTime":3840.0,"endTime":4224.0,"start":440104.0,"end":440052.0},{"startTime":4224.0,"endTime":4288.0,"start":440052.0,"end":440052.0},{"startTime":4288.0,"endTime":4352.0,"start":440052.0,"end":440104.0},{"startTime":4352.0,"endTime":4480.0,"start":440104.0,"end":528052.0},{"startTime":4480.0,"endTime":4608.0,"start":528052.0,"end":614104.0},{"startTime":4608.0,"endTime":4736.0,"start":614104.0,"end":704156.0},{"startTime":4736.0,"endTime":4864.0,"start":704156.0,"end":704208.0},{"startTime":4864.0,"endTime":4992.0,"start":704208.0,"end":615208.0},{"startTime":4992.0,"endTime":5120.0,"start":615208.0,"end":614156.0},{"startTime":5120.0,"endTime":5248.0,"start":614156.0,"end":704156.0},{"startTime":5248.0,"endTime":5376.0,"start":704156.0,"end":704208.0},{"startTime":5376.0,"endTime":5888.0,"start":704208.0,"end":704156.0},{"startTime":5888.0,"endTime":6400.0,"start":704156.0,"end":704208.0},{"startTime":6400.0,"endTime":7296.0,"start":440260.0,"end":440260.0},{"startTime":7296.0,"endTime":7392.0,"start":352312.0,"end":352312.0},{"startTime":7392.0,"endTime":8576.0,"start":440260.0,"end":440260.0},{"startTime":8576.0,"endTime":8704.0,"start":880260.0,"end":260.0},{"startTime":8704.0,"endTime":8832.0,"start":440260.0,"end":440260.0},{"startTime":8832.0,"endTime":8960.0,"start":260.0,"end":880260.0},{"startTime":8960.0,"endTime":9408.0,"start":440260.0,"end":440260.0},{"startTime":9408.0,"endTime":9440.0,"start":220260.0,"end":220260.0},{"startTime":9440.0,"endTime":9984.0,"start":440260.0,"end":440260.0},{"startTime":9984.0,"endTime":10016.0,"start":440000.0,"end":440520.0},{"startTime":10016.0,"endTime":30000.0,"start":440260.0,"end":440260.0},{"startTime":30000.0,"endTime":30001.0,"start":0.0,"end":0.0},{"startTime":30001.0,"endTime":7372800.0,"start":440260.0,"end":440260.0}],"judgeLineRotateEvents":[{"startTime":-8533.0,"endTime":224.0,"start":0.0,"end":0.0},{"startTime":224.0,"endTime":256.0,"start":90.0,"end":90.0},{"startTime":256.0,"endTime":480.0,"start":0.0,"end":0.0},{"startTime":480.0,"endTime":512.0,"start":100.0,"end":100.0},{"startTime":512.0,"endTime":3200.0,"start":0.0,"end":0.0},{"startTime":3200.0,"endTime":3296.0,"start":90.0,"end":90.0},{"startTime":3296.0,"endTime":3584.0,"start":0.0,"end":0.0},{"startTime":3584.0,"endTime":3840.0,"start":0.0,"end":-20.0},{"startTime":3840.0,"endTime":4224.0,"start":-19.0,"end":0.0},{"startTime":4224.0,"endTime":4288.0,"start":0.0,"end":0.0},{"startTime":4288.0,"endTime":4608.0,"start":0.0,"end":450.0},{"startTime":4608.0,"endTime":4736.0,"start":90.0,"end":270.0},{"startTime":4736.0,"endTime":4864.0,"start":270.0,"end":360.0},{"startTime":4864.0,"endTime":5120.0,"start":0.0,"end":360.0},{"startTime":5120.0,"endTime":5376.0,"start":0.0,"end":360.0},{"startTime":5376.0,"endTime":6400.0,"start":0.0,"end":360.0},{"startTime":6400.0,"endTime":7296.0,"start":0.0,"end":0.0},{"startTime":7296.0,"endTime":7392.0,"start":34.0,"end":34.0},{"startTime":7392.0,"endTime":8576.0,"start":0.0,"end":0.0},{"startTime":8576.0,"endTime":8704.0,"start":90.0,"end":450.0},{"startTime":8704.0,"endTime":8832.0,"start":0.0,"end":0.0},{"startTime":8832.0,"endTime":8864.0,"start":90.0,"end":110.0},{"startTime":8864.0,"endTime":8896.0,"start":110.0,"end":70.0},{"startTime":8896.0,"endTime":8928.0,"start":70.0,"end":110.0},{"startTime":8928.0,"endTime":8960.0,"start":110.0,"end":90.0},{"startTime":8960.0,"endTime":9408.0,"start":0.0,"end":0.0},{"startTime":9408.0,"endTime":9440.0,"start":75.0,"end":75.0},{"startTime":9440.0,"endTime":7372800.0,"start":0.0,"end":0.0}],"judgeLineDisappearEvents":[{"startTime":-8533.0,"endTime":0.0,"start":1.0,"end":1.0},{"startTime":0.0,"endTime":224.0,"start":0.0,"end":0.0},{"startTime":224.0,"endTime":256.0,"start":1.0,"end":1.0},{"startTime":256.0,"endTime":480.0,"start":0.0,"end":0.0},{"startTime":480.0,"endTime":512.0,"start":1.0,"end":1.0},{"startTime":512.0,"endTime":3200.0,"start":0.0,"end":0.0},{"startTime":3200.0,"endTime":3296.0,"start":1.0,"end":1.0},{"startTime":3296.0,"endTime":3584.0,"start":0.0,"end":0.0},{"startTime":3584.0,"endTime":6336.0,"start":1.0,"end":1.0},{"startTime":6336.0,"endTime":6400.0,"start":1.0,"end":0.0},{"startTime":6400.0,"endTime":7296.0,"start":0.0,"end":0.0},{"startTime":7296.0,"endTime":7392.0,"start":1.0,"end":1.0},{"startTime":7392.0,"endTime":8576.0,"start":0.0,"end":0.0},{"startTime":8576.0,"endTime":7392.0,"start":0.0,"end":0.0},{"startTime":7392.0,"endTime":8704.0,"start":1.0,"end":1.0},{"startTime":8704.0,"endTime":8832.0,"start":0.0,"end":0.0},{"startTime":8832.0,"endTime":8960.0,"start":1.0,"end":1.0},{"startTime":8960.0,"endTime":9408.0,"start":0.0,"end":0.0},{"startTime":9408.0,"endTime":9440.0,"start":1.0,"end":1.0},{"startTime":9440.0,"endTime":9984.0,"start":0.0,"end":0.0},{"startTime":9984.0,"endTime":10016.0,"start":1.0,"end":1.0},{"startTime":10016.0,"endTime":20016.0,"start":0.0,"end":0.0},{"startTime":20016.0,"endTime":30000.0,"start":1.0,"end":1.0},{"startTime":30000.0,"endTime":30001.0,"start":0.0,"end":0.0},{"startTime":30001.0,"endTime":7372800.0,"start":1.0,"end":1.0}]},{"bpm":160.0,"notesAbove":[{"type":2,"time":896,"positionX":-2.0,"holdTime":0.0,"speed":1.0,"floorPosition":8.737499},{"type":1,"time":6400,"positionX":0.9775772,"holdTime":0.0,"speed":1.0,"floorPosition":93.37499},{"type":1,"time":6400,"positionX":-4.636772,"holdTime":0.0,"speed":1.0,"floorPosition":93.37499},{"type":1,"time":6416,"positionX":3.668159,"holdTime":0.0,"speed":1.0,"floorPosition":93.674995},{"type":1,"time":6432,"positionX":1.856499,"holdTime":0.0,"speed":1.0,"floorPosition":93.975},{"type":1,"time":6432,"positionX":-2.950676,"holdTime":0.0,"speed":1.0,"floorPosition":93.975},{"type":1,"time":6456,"positionX":3.542603,"holdTime":0.0,"speed":1.0,"floorPosition":94.424995},{"type":1,"time":6472,"positionX":-4.326813,"holdTime":0.0,"speed":1.0,"floorPosition":94.725},{"type":1,"time":6480,"positionX":2.017937,"holdTime":0.0,"speed":1.0,"floorPosition":94.87499},{"type":1,"time":6488,"positionX":-1.599541,"holdTime":0.0,"speed":1.0,"floorPosition":95.024994},{"type":1,"time":6496,"positionX":4.529144,"holdTime":0.0,"speed":1.0,"floorPosition":95.174995},{"type":1,"time":6512,"positionX":1.390137,"holdTime":0.0,"speed":1.0,"floorPosition":95.475},{"type":1,"time":6528,"positionX":-2.950676,"holdTime":0.0,"speed":1.0,"floorPosition":95.774994},{"type":1,"time":6528,"positionX":3.955154,"holdTime":0.0,"speed":1.0,"floorPosition":95.774994},{"type":1,"time":6544,"positionX":3.399101,"holdTime":0.0,"speed":1.0,"floorPosition":96.075},{"type":1,"time":6560,"positionX":1.390137,"holdTime":0.0,"speed":1.0,"floorPosition":96.375},{"type":1,"time":6560,"positionX":-4.85202,"holdTime":0.0,"speed":1.0,"floorPosition":96.375},{"type":2,"time":6568,"positionX":3.647873,"holdTime":0.0,"speed":1.0,"floorPosition":96.524994},{"type":1,"time":6584,"positionX":1.623322,"holdTime":0.0,"speed":1.0,"floorPosition":96.825},{"type":1,"time":6592,"positionX":-2.197311,"holdTime":0.0,"speed":1.0,"floorPosition":96.97499},{"type":1,"time":6600,"positionX":4.206276,"holdTime":0.0,"speed":1.0,"floorPosition":97.125},{"type":1,"time":6616,"positionX":1.42601,"holdTime":0.0,"speed":1.0,"floorPosition":97.424995},{"type":2,"time":6624,"positionX":3.360184,"holdTime":0.0,"speed":1.0,"floorPosition":97.575},{"type":1,"time":6624,"positionX":-4.690582,"holdTime":0.0,"speed":1.0,"floorPosition":97.575},{"type":1,"time":6640,"positionX":0.9775772,"holdTime":0.0,"speed":1.0,"floorPosition":97.875}],"notesBelow":[],"speedEvents":[{"startTime":-8533.0,"endTime":704.0,"value":1.0},{"startTime":704.0,"endTime":864.0,"value":0.0},{"startTime":864.0,"endTime":6176.0,"value":1.3},{"startTime":6176.0,"endTime":7372800.0,"value":1.6}],"judgeLineMoveEvents":[{"startTime":-8533.0,"endTime":232.0,"start":440260.0,"end":440260.0},{"startTime":232.0,"endTime":256.0,"start":352260.0,"end":352260.0},{"startTime":256.0,"endTime":488.0,"start":440260.0,"end":440260.0},{"startTime":488.0,"endTime":512.0,"start":352260.0,"end":352260.0},{"startTime":512.0,"endTime":6144.0,"start":440260.0,"end":440260.0},{"startTime":6144.0,"endTime":6272.0,"start":440000.0,"end":440000.0},{"startTime":6272.0,"endTime":6336.0,"start":440000.0,"end":440052.0},{"startTime":6336.0,"endTime":6720.0,"start":440052.0,"end":440052.0},{"startTime":6720.0,"endTime":7328.0,"start":440260.0,"end":440260.0},{"startTime":7328.0,"endTime":7392.0,"start":614104.0,"end":614104.0},{"startTime":7392.0,"endTime":8592.0,"start":440260.0,"end":440260.0},{"startTime":8592.0,"endTime":8720.0,"start":880260.0,"end":260.0},{"startTime":8720.0,"endTime":8848.0,"start":440260.0,"end":440260.0},{"startTime":8848.0,"endTime":8976.0,"start":260.0,"end":880260.0},{"startTime":8976.0,"endTime":9408.0,"start":440260.0,"end":440260.0},{"startTime":9408.0,"endTime":9440.0,"start":660260.0,"end":660260.0},{"startTime":9440.0,"endTime":30000.0,"start":440260.0,"end":440260.0},{"startTime":30000.0,"endTime":30001.0,"start":0.0,"end":0.0},{"startTime":30001.0,"endTime":7372800.0,"start":440260.0,"end":440260.0}],"judgeLineRotateEvents":[{"startTime":-8533.0,"endTime":232.0,"start":0.0,"end":0.0},{"startTime":232.0,"endTime":256.0,"start":90.0,"end":90.0},{"startTime":256.0,"endTime":488.0,"start":0.0,"end":0.0},{"startTime":488.0,"endTime":512.0,"start":100.0,"end":100.0},{"startTime":512.0,"endTime":3232.0,"start":0.0,"end":0.0},{"startTime":3232.0,"endTime":3296.0,"start":90.0,"end":90.0},{"startTime":3296.0,"endTime":7328.0,"start":0.0,"end":0.0},{"startTime":7328.0,"endTime":7392.0,"start":442.0,"end":442.0},{"startTime":7392.0,"endTime":8592.0,"start":0.0,"end":0.0},{"startTime":8592.0,"endTime":8720.0,"start":90.0,"end":450.0},{"startTime":8720.0,"endTime":8848.0,"start":0.0,"end":0.0},{"startTime":8848.0,"endTime":8880.0,"start":90.0,"end":70.0},{"startTime":8880.0,"endTime":8912.0,"start":70.0,"end":110.0},{"startTime":8912.0,"endTime":8944.0,"start":110.0,"end":70.0},{"startTime":8944.0,"endTime":8976.0,"start":70.0,"end":110.0},{"startTime":8976.0,"endTime":9408.0,"start":0.0,"end":0.0},{"startTime":9408.0,"endTime":9440.0,"start":105.0,"end":105.0},{"startTime":9440.0,"endTime":7372800.0,"start":0.0,"end":0.0}],"judgeLineDisappearEvents":[{"startTime":-8533.0,"endTime":0.0,"start":1.0,"end":1.0},{"startTime":0.0,"endTime":232.0,"start":0.0,"end":0.0},{"startTime":232.0,"endTime":256.0,"start":1.0,"end":1.0},{"startTime":256.0,"endTime":488.0,"start":0.0,"end":0.0},{"startTime":488.0,"endTime":512.0,"start":1.0,"end":1.0},{"startTime":512.0,"endTime":3232.0,"start":0.0,"end":0.0},{"startTime":3232.0,"endTime":3296.0,"start":1.0,"end":1.0},{"startTime":3296.0,"endTime":6272.0,"start":0.0,"end":0.0},{"startTime":6272.0,"endTime":6656.0,"start":1.0,"end":1.0},{"startTime":6656.0,"endTime":7328.0,"start":0.0,"end":0.0},{"startTime":7328.0,"endTime":7392.0,"start":1.0,"end":1.0},{"startTime":7392.0,"endTime":8592.0,"start":0.0,"end":0.0},{"startTime":8592.0,"endTime":8720.0,"start":1.0,"end":1.0},{"startTime":8720.0,"endTime":8848.0,"start":0.0,"end":0.0},{"startTime":8848.0,"endTime":8976.0,"start":1.0,"end":1.0},{"startTime":8976.0,"endTime":9408.0,"start":0.0,"end":0.0},{"startTime":9408.0,"endTime":9440.0,"start":1.0,"end":1.0},{"startTime":9440.0,"endTime":29440.0,"start":0.0,"end":0.0},{"startTime":29440.0,"endTime":30000.0,"start":1.0,"end":1.0},{"startTime":30000.0,"endTime":30001.0,"start":0.0,"end":0.0},{"startTime":30001.0,"endTime":7372800.0,"start":1.0,"end":1.0}]},{"bpm":160.0,"notesAbove":[{"type":2,"time":960,"positionX":2.0,"holdTime":0.0,"speed":1.0,"floorPosition":8.737499}],"notesBelow":[],"speedEvents":[{"startTime":-8533.0,"endTime":704.0,"value":1.0},{"startTime":704.0,"endTime":928.0,"value":0.0},{"startTime":928.0,"endTime":7372800.0,"value":1.3}],"judgeLineMoveEvents":[{"startTime":-8533.0,"endTime":240.0,"start":440260.0,"end":440260.0},{"startTime":240.0,"endTime":256.0,"start":528260.0,"end":528260.0},{"startTime":256.0,"endTime":496.0,"start":440260.0,"end":440260.0},{"startTime":496.0,"endTime":512.0,"start":528260.0,"end":528260.0},{"startTime":512.0,"endTime":3264.0,"start":440260.0,"end":440260.0},{"startTime":3264.0,"endTime":3296.0,"start":660260.0,"end":660260.0},{"startTime":3296.0,"endTime":9408.0,"start":440260.0,"end":440260.0},{"startTime":9408.0,"endTime":9440.0,"start":369260.0,"end":369260.0},{"startTime":9440.0,"endTime":30000.0,"start":440260.0,"end":440260.0},{"startTime":30000.0,"endTime":30001.0,"start":0.0,"end":0.0},{"startTime":30001.0,"endTime":7372800.0,"start":440260.0,"end":440260.0}],"judgeLineRotateEvents":[{"startTime":-8533.0,"endTime":240.0,"start":0.0,"end":0.0},{"startTime":240.0,"endTime":256.0,"start":90.0,"end":90.0},{"startTime":256.0,"endTime":496.0,"start":0.0,"end":0.0},{"startTime":496.0,"endTime":512.0,"start":100.0,"end":100.0},{"startTime":512.0,"endTime":3264.0,"start":0.0,"end":0.0},{"startTime":3264.0,"endTime":3296.0,"start":90.0,"end":90.0},{"startTime":3296.0,"endTime":7360.0,"start":0.0,"end":0.0},{"startTime":7360.0,"endTime":7392.0,"start":-23.0,"end":0.0},{"startTime":7392.0,"endTime":9408.0,"start":0.0,"end":0.0},{"startTime":9408.0,"endTime":9440.0,"start":105.0,"end":105.0},{"startTime":9440.0,"endTime":7372800.0,"start":0.0,"end":0.0}],"judgeLineDisappearEvents":[{"startTime":-8533.0,"endTime":0.0,"start":1.0,"end":1.0},{"startTime":0.0,"endTime":240.0,"start":0.0,"end":0.0},{"startTime":240.0,"endTime":256.0,"start":1.0,"end":1.0},{"startTime":256.0,"endTime":496.0,"start":0.0,"end":0.0},{"startTime":496.0,"endTime":512.0,"start":1.0,"end":1.0},{"startTime":512.0,"endTime":3264.0,"start":0.0,"end":0.0},{"startTime":3264.0,"endTime":3296.0,"start":1.0,"end":1.0},{"startTime":3296.0,"endTime":7360.0,"start":0.0,"end":0.0},{"startTime":7360.0,"endTime":7392.0,"start":1.0,"end":1.0},{"startTime":7392.0,"endTime":9408.0,"start":0.0,"end":0.0},{"startTime":9408.0,"endTime":9440.0,"start":1.0,"end":1.0},{"startTime":9440.0,"endTime":29440.0,"start":0.0,"end":0.0},{"startTime":29440.0,"endTime":30000.0,"start":1.0,"end":1.0},{"startTime":30000.0,"endTime":30001.0,"start":0.0,"end":0.0},{"startTime":30001.0,"endTime":7372800.0,"start":1.0,"end":1.0}]},{"bpm":160.0,"notesAbove":[{"type":2,"time":1024,"positionX":-2.0,"holdTime":0.0,"speed":1.0,"floorPosition":8.85}],"notesBelow":[],"speedEvents":[{"startTime":-8533.0,"endTime":704.0,"value":1.0},{"startTime":704.0,"endTime":992.0,"value":0.0},{"startTime":992.0,"endTime":7372800.0,"value":1.6}],"judgeLineMoveEvents":[{"startTime":-8533.0,"endTime":248.0,"start":440260.0,"end":440260.0},{"startTime":248.0,"endTime":256.0,"start":704260.0,"end":704260.0},{"startTime":256.0,"endTime":504.0,"start":440260.0,"end":440260.0},{"startTime":504.0,"endTime":512.0,"start":704260.0,"end":704260.0},{"startTime":512.0,"endTime":9408.0,"start":440260.0,"end":440260.0},{"startTime":9408.0,"endTime":9440.0,"start":510260.0,"end":510260.0},{"startTime":9440.0,"endTime":30000.0,"start":440260.0,"end":440260.0},{"startTime":30000.0,"endTime":30001.0,"start":0.0,"end":0.0},{"startTime":30001.0,"endTime":7372800.0,"start":440260.0,"end":440260.0}],"judgeLineRotateEvents":[{"startTime":-8533.0,"endTime":248.0,"start":0.0,"end":0.0},{"startTime":248.0,"endTime":256.0,"start":90.0,"end":90.0},{"startTime":256.0,"endTime":504.0,"start":0.0,"end":0.0},{"startTime":504.0,"endTime":512.0,"start":100.0,"end":100.0},{"startTime":512.0,"endTime":9408.0,"start":0.0,"end":0.0},{"startTime":9408.0,"endTime":9440.0,"start":75.0,"end":75.0},{"startTime":9440.0,"endTime":7372800.0,"start":0.0,"end":0.0}],"judgeLineDisappearEvents":[{"startTime":-8533.0,"endTime":0.0,"start":1.0,"end":1.0},{"startTime":0.0,"endTime":248.0,"start":0.0,"end":0.0},{"startTime":248.0,"endTime":256.0,"start":1.0,"end":1.0},{"startTime":256.0,"endTime":504.0,"start":0.0,"end":0.0},{"startTime":504.0,"endTime":512.0,"start":1.0,"end":1.0},{"startTime":512.0,"endTime":9408.0,"start":0.0,"end":0.0},{"startTime":9408.0,"endTime":9440.0,"start":1.0,"end":1.0},{"startTime":9440.0,"endTime":29440.0,"start":0.0,"end":0.0},{"startTime":29440.0,"endTime":30000.0,"start":1.0,"end":1.0},{"startTime":30000.0,"endTime":30001.0,"start":0.0,"end":0.0},{"startTime":30001.0,"endTime":7372800.0,"start":1.0,"end":1.0}]},{"bpm":160.0,"notesAbove":[{"type":2,"time":1088,"positionX":2.0,"holdTime":0.0,"speed":1.0,"floorPosition":8.85}],"notesBelow":[],"speedEvents":[{"startTime":-8533.0,"endTime":704.0,"value":1.0},{"startTime":704.0,"endTime":1056.0,"value":0.0},{"startTime":1056.0,"endTime":7372800.0,"value":1.6}],"judgeLineMoveEvents":[{"startTime":-8533.0,"endTime":30000.0,"start":440260.0,"end":440260.0},{"startTime":30000.0,"endTime":30001.0,"start":0.0,"end":0.0},{"startTime":30001.0,"endTime":7372800.0,"start":440260.0,"end":440260.0}],"judgeLineRotateEvents":[{"startTime":-8533.0,"endTime":7372800.0,"start":0.0,"end":0.0}],"judgeLineDisappearEvents":[{"startTime":-8533.0,"endTime":0.0,"start":1.0,"end":1.0},{"startTime":0.0,"endTime":30001.0,"start":0.0,"end":0.0},{"startTime":30001.0,"endTime":7372800.0,"start":1.0,"end":1.0}]},{"bpm":160.0,"notesAbove":[],"notesBelow":[],"speedEvents":[{"startTime":-8533.0,"endTime":7372800.0,"value":1.0}],"judgeLineMoveEvents":[{"startTime":-8533.0,"endTime":640.0,"start":440260.0,"end":440260.0},{"startTime":640.0,"endTime":768.0,"start":440260.0,"end":440000.0},{"startTime":768.0,"endTime":30000.0,"start":440260.0,"end":440260.0},{"startTime":30000.0,"endTime":30001.0,"start":0.0,"end":0.0},{"startTime":30001.0,"endTime":7372800.0,"start":440260.0,"end":440260.0}],"judgeLineRotateEvents":[{"startTime":-8533.0,"endTime":7372800.0,"start":0.0,"end":0.0}],"judgeLineDisappearEvents":[{"startTime":-8533.0,"endTime":0.0,"start":1.0,"end":1.0},{"startTime":0.0,"endTime":640.0,"start":0.0,"end":0.0},{"startTime":640.0,"endTime":768.0,"start":1.0,"end":0.0},{"startTime":768.0,"endTime":20768.0,"start":0.0,"end":0.0},{"startTime":20768.0,"endTime":30000.0,"start":1.0,"end":1.0},{"startTime":30000.0,"endTime":30001.0,"start":0.0,"end":0.0},{"startTime":30001.0,"endTime":7372800.0,"start":1.0,"end":1.0}]}]}