{"formatVersion":1,"offset":0.0,"judgeLineList":[{"bpm":200.0,"notesAbove":[{"type":1,"time":256,"positionX":-0.4385958,"holdTime":0.0,"speed":1.0,"floorPosition":2.88},{"type":1,"time":272,"positionX":-4.0,"holdTime":0.0,"speed":1.0,"floorPosition":3.0600002},{"type":1,"time":288,"positionX":2.035088,"holdTime":0.0,"speed":1.0,"floorPosition":3.24},{"type":1,"time":304,"positionX":-2.701754,"holdTime":0.0,"speed":1.0,"floorPosition":3.42},{"type":1,"time":320,"positionX":3.017544,"holdTime":0.0,"speed":1.0,"floorPosition":3.6},{"type":1,"time":336,"positionX":-4.263158,"holdTime":0.0,"speed":1.0,"floorPosition":3.7800002},{"type":1,"time":352,"positionX":0.9824562,"holdTime":0.0,"speed":1.0,"floorPosition":3.9600003},{"type":1,"time":368,"positionX":-3.807018,"holdTime":0.0,"speed":1.0,"floorPosition":4.14},{"type":1,"time":384,"positionX":4.192982,"holdTime":0.0,"speed":1.0,"floorPosition":4.32},{"type":1,"time":400,"positionX":-1.894737,"holdTime":0.0,"speed":1.0,"floorPosition":4.5000005},{"type":1,"time":416,"positionX":3.192983,"holdTime":0.0,"speed":1.0,"floorPosition":4.6800003},{"type":1,"time":432,"positionX":-4.175439,"holdTime":0.0,"speed":1.0,"floorPosition":4.86},{"type":1,"time":448,"positionX":1.877192,"holdTime":0.0,"speed":1.0,"floorPosition":5.0400004},{"type":1,"time":464,"positionX":-2.526316,"holdTime":0.0,"speed":1.0,"floorPosition":5.2200003},{"type":1,"time":480,"positionX":3.947368,"holdTime":0.0,"speed":1.0,"floorPosition":5.4},{"type":1,"time":496,"positionX":-4.982456,"holdTime":0.0,"speed":1.0,"floorPosition":5.58},{"type":1,"time":512,"positionX":1.333333,"holdTime":0.0,"speed":1.0,"floorPosition":5.76},{"type":1,"time":528,"positionX":-2.771931,"holdTime":0.0,"speed":1.0,"floorPosition":5.9400005},{"type":1,"time":544,"positionX":6.175438,"holdTime":0.0,"speed":1.0,"floorPosition":6.1200004},{"type":1,"time":560,"positionX":-1.105263,"holdTime":0.0,"speed":1.0,"floorPosition":6.3},{"type":1,"time":576,"positionX":2.508771,"holdTime":0.0,"speed":1.0,"floorPosition":6.48},{"type":1,"time":592,"positionX":-4.526316,"holdTime":0.0,"speed":1.0,"floorPosition":6.6600003},{"type":1,"time":608,"positionX":0.07017517,"holdTime":0.0,"speed":1.0,"floorPosition":6.84},{"type":1,"time":624,"positionX":-5.070175,"holdTime":0.0,"speed":1.0,"floorPosition":7.0200005},{"type":1,"time":640,"positionX":1.982456,"holdTime":0.0,"speed":1.0,"floorPosition":7.2},{"type":1,"time":656,"positionX":-2.771931,"holdTime":0.0,"speed":1.0,"floorPosition":7.38},{"type":1,"time":672,"positionX":4.77193,"holdTime":0.0,"speed":1.0,"floorPosition":7.5600004},{"type":1,"time":688,"positionX":-4.14035,"holdTime":0.0,"speed":1.0,"floorPosition":7.7400002},{"type":1,"time":704,"positionX":1.719298,"holdTime":0.0,"speed":1.0,"floorPosition":7.9200006},{"type":1,"time":720,"positionX":-5.578947,"holdTime":0.0,"speed":1.0,"floorPosition":8.1},{"type":1,"time":736,"positionX":-0.8421049,"holdTime":0.0,"speed":1.0,"floorPosition":8.28},{"type":1,"time":768,"positionX":-4.421053,"holdTime":0.0,"speed":1.0,"floorPosition":8.64},{"type":1,"time":800,"positionX":-2.105263,"holdTime":0.0,"speed":1.0,"floorPosition":9.000001},{"type":1,"time":800,"positionX":4.210526,"holdTime":0.0,"speed":1.0,"floorPosition":9.000001},{"type":1,"time":832,"positionX":-5.245614,"holdTime":0.0,"speed":1.0,"floorPosition":9.360001},{"type":1,"time":864,"positionX":-1.614035,"holdTime":0.0,"speed":1.0,"floorPosition":9.72},{"type":1,"time":864,"positionX":4.719298,"holdTime":0.0,"speed":1.0,"floorPosition":9.72},{"type":2,"time":896,"positionX":-3.684211,"holdTime":0.0,"speed":1.0,"floorPosition":10.080001},{"type":2,"time":912,"positionX":-4.578947,"holdTime":0.0,"speed":1.0,"floorPosition":10.26},{"type":2,"time":928,"positionX":-5.491228,"holdTime":0.0,"speed":1.0,"floorPosition":10.440001},{"type":1,"time":928,"positionX":4.649122,"holdTime":0.0,"speed":1.0,"floorPosition":10.440001},{"type":2,"time":944,"positionX":-4.701754,"holdTime":0.0,"speed":1.0,"floorPosition":10.620001},{"type":1,"time":944,"positionX":4.561404,"holdTime":0.0,"speed":1.0,"floorPosition":10.620001},{"type":2,"time":960,"positionX":-3.421053,"holdTime":0.0,"speed":1.0,"floorPosition":10.8},{"type":2,"time":992,"positionX":-5.210526,"holdTime":0.0,"speed":1.0,"floorPosition":11.16},{"type":1,"time":992,"positionX":4.877193,"holdTime":0.0,"speed":1.0,"floorPosition":11.16},{"type":2,"time":1008,"positionX":-4.263158,"holdTime":0.0,"speed":1.0,"floorPosition":11.340001},{"type":2,"time":1024,"positionX":-3.105263,"holdTime":0.0,"speed":1.0,"floorPosition":11.52},{"type":1,"time":1056,"positionX":4.526316,"holdTime":0.0,"speed":1.0,"floorPosition":11.880001},{"type":2,"time":1056,"positionX":-2.578947,"holdTime":0.0,"speed":1.0,"floorPosition":11.880001},{"type":2,"time":1072,"positionX":-3.225877,"holdTime":0.0,"speed":1.0,"floorPosition":12.06},{"type":2,"time":1088,"positionX":-5.175438,"holdTime":0.0,"speed":1.0,"floorPosition":12.240001},{"type":2,"time":1120,"positionX":-5.438597,"holdTime":0.0,"speed":1.0,"floorPosition":12.6},{"type":1,"time":1120,"positionX":4.08772,"holdTime":0.0,"speed":1.0,"floorPosition":12.6},{"type":2,"time":1136,"positionX":-4.333334,"holdTime":0.0,"speed":1.0,"floorPosition":12.780001},{"type":2,"time":1152,"positionX":-2.863778,"holdTime":0.0,"speed":1.0,"floorPosition":12.96},{"type":1,"time":1184,"positionX":3.964911,"holdTime":0.0,"speed":1.0,"floorPosition":13.320001},{"type":1,"time":1184,"positionX":-2.912281,"holdTime":0.0,"speed":1.0,"floorPosition":13.320001},{"type":1,"time":1200,"positionX":5.982456,"holdTime":0.0,"speed":1.0,"floorPosition":13.5},{"type":1,"time":1216,"positionX":2.596492,"holdTime":0.0,"speed":1.0,"floorPosition":13.68},{"type":1,"time":1216,"positionX":-3.473684,"holdTime":0.0,"speed":1.0,"floorPosition":13.68},{"type":1,"time":1248,"positionX":4.842106,"holdTime":0.0,"speed":1.0,"floorPosition":14.040001},{"type":1,"time":1280,"positionX":-3.017544,"holdTime":0.0,"speed":1.0,"floorPosition":14.4},{"type":1,"time":1312,"positionX":-5.894737,"holdTime":0.0,"speed":1.0,"floorPosition":14.76},{"type":1,"time":1312,"positionX":3.578948,"holdTime":0.0,"speed":1.0,"floorPosition":14.76},{"type":1,"time":1344,"positionX":-0.6842108,"holdTime":0.0,"speed":1.0,"floorPosition":15.120001},{"type":1,"time":1376,"positionX":-3.157894,"holdTime":0.0,"speed":1.0,"floorPosition":15.4800005},{"type":1,"time":1376,"positionX":3.350878,"holdTime":0.0,"speed":1.0,"floorPosition":15.4800005},{"type":2,"time":1408,"positionX":-2.14035,"holdTime":0.0,"speed":1.0,"floorPosition":15.840001},{"type":2,"time":1424,"positionX":-2.456141,"holdTime":0.0,"speed":1.0,"floorPosition":16.02},{"type":1,"time":1440,"positionX":2.578948,"holdTime":0.0,"speed":1.0,"floorPosition":16.2},{"type":2,"time":1440,"positionX":-3.245614,"holdTime":0.0,"speed":1.0,"floorPosition":16.2},{"type":2,"time":1456,"positionX":-4.123977,"holdTime":0.0,"speed":1.0,"floorPosition":16.380001},{"type":1,"time":1456,"positionX":4.894736,"holdTime":0.0,"speed":1.0,"floorPosition":16.380001},{"type":2,"time":1472,"positionX":-4.877193,"holdTime":0.0,"speed":1.0,"floorPosition":16.56},{"type":2,"time":1504,"positionX":-4.263158,"holdTime":0.0,"speed":1.0,"floorPosition":16.92},{"type":1,"time":1504,"positionX":3.245614,"holdTime":0.0,"speed":1.0,"floorPosition":16.92},{"type":2,"time":1520,"positionX":-3.508772,"holdTime":0.0,"speed":1.0,"floorPosition":17.1},{"type":2,"time":1536,"positionX":-1.982456,"holdTime":0.0,"speed":1.0,"floorPosition":17.28},{"type":2,"time":1568,"positionX":-5.280703,"holdTime":0.0,"speed":1.0,"floorPosition":17.640001},{"type":1,"time":1568,"positionX":3.350878,"holdTime":0.0,"speed":1.0,"floorPosition":17.640001},{"type":2,"time":1584,"positionX":-4.662281,"holdTime":0.0,"speed":1.0,"floorPosition":17.82},{"type":2,"time":1600,"positionX":-2.824561,"holdTime":0.0,"speed":1.0,"floorPosition":18.000002},{"type":1,"time":1632,"positionX":4.122808,"holdTime":0.0,"speed":1.0,"floorPosition":18.36},{"type":1,"time":1632,"positionX":-1.929825,"holdTime":0.0,"speed":1.0,"floorPosition":18.36},{"type":1,"time":1664,"positionX":-4.526316,"holdTime":0.0,"speed":1.0,"floorPosition":18.720001},{"type":1,"time":1696,"positionX":-2.561403,"holdTime":0.0,"speed":1.0,"floorPosition":19.08},{"type":1,"time":1696,"positionX":4.157895,"holdTime":0.0,"speed":1.0,"floorPosition":19.08},{"type":1,"time":1712,"positionX":2.736843,"holdTime":0.0,"speed":1.0,"floorPosition":19.260002},{"type":1,"time":1728,"positionX":-4.754386,"holdTime":0.0,"speed":1.0,"floorPosition":19.44},{"type":1,"time":1728,"positionX":1.771931,"holdTime":0.0,"speed":1.0,"floorPosition":19.44},{"type":1,"time":1760,"positionX":3.421053,"holdTime":0.0,"speed":1.0,"floorPosition":19.8},{"type":1,"time":1792,"positionX":-2.052631,"holdTime":0.0,"speed":1.0,"floorPosition":20.160002},{"type":1,"time":1824,"positionX":0.8771915,"holdTime":0.0,"speed":1.0,"floorPosition":20.52},{"type":1,"time":1840,"positionX":-5.175438,"holdTime":0.0,"speed":1.0,"floorPosition":20.7},{"type":1,"time":1856,"positionX":0.9649124,"holdTime":0.0,"speed":1.0,"floorPosition":20.880001},{"type":1,"time":1888,"positionX":-2.684211,"holdTime":0.0,"speed":1.0,"floorPosition":21.240002},{"type":1,"time":1920,"positionX":1.719298,"holdTime":0.0,"speed":1.0,"floorPosition":21.6},{"type":1,"time":1936,"positionX":-3.017544,"holdTime":0.0,"speed":1.0,"floorPosition":21.780003},{"type":1,"time":1952,"positionX":3.403509,"holdTime":0.0,"speed":1.0,"floorPosition":21.960001},{"type":1,"time":1968,"positionX":-4.14035,"holdTime":0.0,"speed":1.0,"floorPosition":22.140001},{"type":1,"time":1984,"positionX":0.1052628,"holdTime":0.0,"speed":1.0,"floorPosition":22.32},{"type":1,"time":2016,"positionX":-2.894737,"holdTime":0.0,"speed":1.0,"floorPosition":22.680002},{"type":1,"time":2048,"positionX":1.157894,"holdTime":0.0,"speed":1.0,"floorPosition":23.04},{"type":1,"time":2080,"positionX":-1.824561,"holdTime":0.0,"speed":1.0,"floorPosition":23.4},{"type":1,"time":2096,"positionX":2.070175,"holdTime":0.0,"speed":1.0,"floorPosition":23.580002},{"type":1,"time":2112,"positionX":-3.052631,"holdTime":0.0,"speed":1.0,"floorPosition":23.760002},{"type":1,"time":2144,"positionX":1.403508,"holdTime":0.0,"speed":1.0,"floorPosition":24.12},{"type":1,"time":2176,"positionX":-2.701754,"holdTime":0.0,"speed":1.0,"floorPosition":24.480001},{"type":1,"time":2208,"positionX":1.666666,"holdTime":0.0,"speed":1.0,"floorPosition":24.84},{"type":1,"time":2240,"positionX":-5.245614,"holdTime":0.0,"speed":1.0,"floorPosition":25.2},{"type":3,"time":2240,"positionX":-0.4912281,"holdTime":64.0,"speed":1.2,"floorPosition":25.2},{"type":1,"time":2304,"positionX":-4.175439,"holdTime":0.0,"speed":1.0,"floorPosition":25.92},{"type":1,"time":2336,"positionX":0.7192984,"holdTime":0.0,"speed":1.0,"floorPosition":26.280003},{"type":1,"time":2352,"positionX":-1.947369,"holdTime":0.0,"speed":1.0,"floorPosition":26.460001},{"type":1,"time":2368,"positionX":0.6140347,"holdTime":0.0,"speed":1.0,"floorPosition":26.640001},{"type":1,"time":2400,"positionX":-4.421053,"holdTime":0.0,"speed":1.0,"floorPosition":27.0},{"type":1,"time":2432,"positionX":1.438597,"holdTime":0.0,"speed":1.0,"floorPosition":27.36},{"type":1,"time":2448,"positionX":1.789474,"holdTime":0.0,"speed":1.0,"floorPosition":27.54},{"type":1,"time":2464,"positionX":-3.578947,"holdTime":0.0,"speed":1.0,"floorPosition":27.720001},{"type":1,"time":2480,"positionX":-3.263159,"holdTime":0.0,"speed":1.0,"floorPosition":27.9},{"type":1,"time":2496,"positionX":0.9649124,"holdTime":0.0,"speed":1.0,"floorPosition":28.080002},{"type":1,"time":2528,"positionX":-1.947369,"holdTime":0.0,"speed":1.0,"floorPosition":28.44},{"type":1,"time":2544,"positionX":3.070176,"holdTime":0.0,"speed":1.0,"floorPosition":28.62},{"type":1,"time":2560,"positionX":-2.473684,"holdTime":0.0,"speed":1.0,"floorPosition":28.8},{"type":1,"time":2608,"positionX":1.122808,"holdTime":0.0,"speed":1.0,"floorPosition":29.34},{"type":1,"time":2624,"positionX":-3.929825,"holdTime":0.0,"speed":1.0,"floorPosition":29.52},{"type":1,"time":2656,"positionX":0.7192984,"holdTime":0.0,"speed":1.0,"floorPosition":29.880001},{"type":3,"time":2688,"positionX":-2.438597,"holdTime":64.0,"speed":1.2,"floorPosition":30.240002},{"type":1,"time":2816,"positionX":-0.4736843,"holdTime":0.0,"speed":1.5,"floorPosition":31.800003},{"type":1,"time":2848,"positionX":-3.877192,"holdTime":0.0,"speed":1.5,"floorPosition":32.22},{"type":1,"time":2848,"positionX":4.070176,"holdTime":0.0,"speed":1.5,"floorPosition":32.22},{"type":1,"time":2880,"positionX":1.596491,"holdTime":0.0,"speed":1.5,"floorPosition":32.64},{"type":1,"time":2912,"positionX":3.877192,"holdTime":0.0,"speed":1.5,"floorPosition":33.06},{"type":1,"time":2912,"positionX":-2.561403,"holdTime":0.0,"speed":1.5,"floorPosition":33.06},{"type":2,"time":2944,"positionX":0.3859634,"holdTime":0.0,"speed":1.5,"floorPosition":33.480003},{"type":2,"time":2960,"positionX":-0.7964913,"holdTime":0.0,"speed":1.5,"floorPosition":33.690002},{"type":1,"time":2976,"positionX":3.684211,"holdTime":0.0,"speed":1.5,"floorPosition":33.9},{"type":2,"time":2976,"positionX":-2.035088,"holdTime":0.0,"speed":1.5,"floorPosition":33.9},{"type":2,"time":2992,"positionX":-3.421053,"holdTime":0.0,"speed":1.5,"floorPosition":34.11},{"type":1,"time":2992,"positionX":3.947368,"holdTime":0.0,"speed":1.5,"floorPosition":34.11},{"type":2,"time":3008,"positionX":-4.961988,"holdTime":0.0,"speed":1.5,"floorPosition":34.32},{"type":2,"time":3040,"positionX":-4.631578,"holdTime":0.0,"speed":1.5,"floorPosition":34.74},{"type":1,"time":3040,"positionX":4.105264,"holdTime":0.0,"speed":1.5,"floorPosition":34.74},{"type":2,"time":3056,"positionX":-3.947369,"holdTime":0.0,"speed":1.5,"floorPosition":34.95},{"type":2,"time":3072,"positionX":-2.315789,"holdTime":0.0,"speed":1.5,"floorPosition":35.16},{"type":1,"time":3104,"positionX":4.333334,"holdTime":0.0,"speed":1.5,"floorPosition":35.58},{"type":2,"time":3104,"positionX":-2.087719,"holdTime":0.0,"speed":1.5,"floorPosition":35.58},{"type":2,"time":3120,"positionX":-1.508772,"holdTime":0.0,"speed":1.5,"floorPosition":35.79},{"type":2,"time":3136,"positionX":-0.666667,"holdTime":0.0,"speed":1.5,"floorPosition":36.000004},{"type":1,"time":3168,"positionX":3.578948,"holdTime":0.0,"speed":1.5,"floorPosition":36.420002},{"type":1,"time":3168,"positionX":-3.350878,"holdTime":0.0,"speed":1.5,"floorPosition":36.420002},{"type":1,"time":3200,"positionX":-1.456141,"holdTime":0.0,"speed":1.5,"floorPosition":36.84},{"type":1,"time":3232,"positionX":-3.456141,"holdTime":0.0,"speed":1.5,"floorPosition":37.260002},{"type":1,"time":3232,"positionX":2.754385,"holdTime":0.0,"speed":1.5,"floorPosition":37.260002},{"type":1,"time":3248,"positionX":2.368422,"holdTime":0.0,"speed":1.5,"floorPosition":37.47},{"type":1,"time":3264,"positionX":0.9298239,"holdTime":0.0,"speed":1.5,"floorPosition":37.68},{"type":1,"time":3264,"positionX":-5.631579,"holdTime":0.0,"speed":1.5,"floorPosition":37.68},{"type":1,"time":3296,"positionX":0.7894745,"holdTime":0.0,"speed":1.5,"floorPosition":38.100002},{"type":1,"time":3328,"positionX":-3.22807,"holdTime":0.0,"speed":1.5,"floorPosition":38.520004},{"type":1,"time":3360,"positionX":0.5614042,"holdTime":0.0,"speed":1.5,"floorPosition":38.940002},{"type":1,"time":3360,"positionX":5.070176,"holdTime":0.0,"speed":1.5,"floorPosition":38.940002},{"type":1,"time":3392,"positionX":-2.035088,"holdTime":0.0,"speed":1.5,"floorPosition":39.36},{"type":1,"time":3424,"positionX":-4.614035,"holdTime":0.0,"speed":1.5,"floorPosition":39.780003},{"type":1,"time":3424,"positionX":0.5263157,"holdTime":0.0,"speed":1.5,"floorPosition":39.780003},{"type":2,"time":3456,"positionX":-1.14035,"holdTime":0.0,"speed":1.5,"floorPosition":40.2},{"type":2,"time":3472,"positionX":-1.48421,"holdTime":0.0,"speed":1.5,"floorPosition":40.41},{"type":1,"time":3488,"positionX":4.561404,"holdTime":0.0,"speed":1.5,"floorPosition":40.620003},{"type":2,"time":3488,"positionX":-2.201754,"holdTime":0.0,"speed":1.5,"floorPosition":40.620003},{"type":2,"time":3504,"positionX":-2.790505,"holdTime":0.0,"speed":1.5,"floorPosition":40.83},{"type":1,"time":3504,"positionX":4.491228,"holdTime":0.0,"speed":1.5,"floorPosition":40.83},{"type":2,"time":3520,"positionX":-3.385965,"holdTime":0.0,"speed":1.5,"floorPosition":41.04},{"type":1,"time":3552,"positionX":3.333334,"holdTime":0.0,"speed":1.5,"floorPosition":41.46},{"type":2,"time":3552,"positionX":-4.087719,"holdTime":0.0,"speed":1.5,"floorPosition":41.46},{"type":2,"time":3568,"positionX":-4.391813,"holdTime":0.0,"speed":1.5,"floorPosition":41.670002},{"type":2,"time":3584,"positionX":-5.345717,"holdTime":0.0,"speed":1.5,"floorPosition":41.88},{"type":1,"time":3616,"positionX":2.631578,"holdTime":0.0,"speed":1.5,"floorPosition":42.3},{"type":2,"time":3616,"positionX":-5.175438,"holdTime":0.0,"speed":1.5,"floorPosition":42.3},{"type":2,"time":3632,"positionX":-5.18421,"holdTime":0.0,"speed":1.5,"floorPosition":42.51},{"type":2,"time":3648,"positionX":-5.912281,"holdTime":0.0,"speed":1.5,"floorPosition":42.72},{"type":1,"time":3680,"positionX":2.964912,"holdTime":0.0,"speed":1.5,"floorPosition":43.14},{"type":1,"time":3680,"positionX":-3.543859,"holdTime":0.0,"speed":1.5,"floorPosition":43.14},{"type":1,"time":3712,"positionX":-1.22807,"holdTime":0.0,"speed":1.5,"floorPosition":43.559998},{"type":2,"time":3728,"positionX":3.333334,"holdTime":0.0,"speed":1.5,"floorPosition":43.770004},{"type":1,"time":3744,"positionX":-4.561404,"holdTime":0.0,"speed":1.5,"floorPosition":43.980003},{"type":2,"time":3744,"positionX":3.619883,"holdTime":0.0,"speed":1.5,"floorPosition":43.980003},{"type":2,"time":3760,"positionX":4.070176,"holdTime":0.0,"speed":1.5,"floorPosition":44.190002},{"type":2,"time":3776,"positionX":4.614036,"holdTime":0.0,"speed":1.5,"floorPosition":44.4},{"type":1,"time":3776,"positionX":-2.105263,"holdTime":0.0,"speed":1.5,"floorPosition":44.4},{"type":1,"time":3808,"positionX":4.192982,"holdTime":0.0,"speed":1.5,"floorPosition":44.820004},{"type":1,"time":3824,"positionX":1.333333,"holdTime":0.0,"speed":1.5,"floorPosition":45.030003},{"type":1,"time":3840,"positionX":-3.614035,"holdTime":0.0,"speed":1.5,"floorPosition":45.24},{"type":1,"time":3856,"positionX":2.105264,"holdTime":0.0,"speed":1.5,"floorPosition":45.45},{"type":1,"time":3872,"positionX":-4.280702,"holdTime":0.0,"speed":1.5,"floorPosition":45.66},{"type":1,"time":3888,"positionX":0.5263157,"holdTime":0.0,"speed":1.5,"floorPosition":45.870003},{"type":1,"time":3904,"positionX":-2.754386,"holdTime":0.0,"speed":1.5,"floorPosition":46.08},{"type":1,"time":3920,"positionX":3.736842,"holdTime":0.0,"speed":1.5,"floorPosition":46.29},{"type":1,"time":3936,"positionX":-3.0,"holdTime":0.0,"speed":1.5,"floorPosition":46.5},{"type":1,"time":3952,"positionX":1.070176,"holdTime":0.0,"speed":1.5,"floorPosition":46.71},{"type":1,"time":3968,"positionX":-4.578947,"holdTime":0.0,"speed":1.5,"floorPosition":46.920002},{"type":1,"time":3984,"positionX":3.894737,"holdTime":0.0,"speed":1.5,"floorPosition":47.13},{"type":1,"time":4000,"positionX":-5.385965,"holdTime":0.0,"speed":1.5,"floorPosition":47.34},{"type":1,"time":4016,"positionX":-0.1578951,"holdTime":0.0,"speed":1.5,"floorPosition":47.55},{"type":1,"time":4032,"positionX":-3.263159,"holdTime":0.0,"speed":1.5,"floorPosition":47.76},{"type":1,"time":4048,"positionX":4.947368,"holdTime":0.0,"speed":1.5,"floorPosition":47.97},{"type":1,"time":4064,"positionX":-5.631579,"holdTime":0.0,"speed":1.5,"floorPosition":48.18},{"type":1,"time":4080,"positionX":1.315789,"holdTime":0.0,"speed":1.5,"floorPosition":48.39},{"type":1,"time":4096,"positionX":-2.614035,"holdTime":0.0,"speed":1.5,"floorPosition":48.6},{"type":1,"time":4112,"positionX":3.45614,"holdTime":0.0,"speed":1.5,"floorPosition":48.809998},{"type":1,"time":4128,"positionX":-4.578947,"holdTime":0.0,"speed":1.5,"floorPosition":49.020004},{"type":1,"time":4144,"positionX":-0.03508759,"holdTime":0.0,"speed":1.5,"floorPosition":49.230003},{"type":1,"time":4160,"positionX":-2.315789,"holdTime":0.0,"speed":1.5,"floorPosition":49.440002},{"type":1,"time":4176,"positionX":5.438596,"holdTime":0.0,"speed":1.5,"floorPosition":49.65},{"type":1,"time":4192,"positionX":-2.263158,"holdTime":0.0,"speed":1.5,"floorPosition":49.86},{"type":1,"time":4208,"positionX":1.929825,"holdTime":0.0,"speed":1.5,"floorPosition":50.070004},{"type":1,"time":4224,"positionX":-5.192983,"holdTime":0.0,"speed":1.5,"floorPosition":50.280003},{"type":1,"time":4240,"positionX":2.578948,"holdTime":0.0,"speed":1.5,"floorPosition":50.49},{"type":1,"time":4256,"positionX":-4.947369,"holdTime":0.0,"speed":1.5,"floorPosition":50.7},{"type":1,"time":4272,"positionX":1.280703,"holdTime":0.0,"speed":1.5,"floorPosition":50.91},{"type":1,"time":4288,"positionX":-3.350878,"holdTime":0.0,"speed":1.5,"floorPosition":51.120003},{"type":1,"time":4304,"positionX":5.035088,"holdTime":0.0,"speed":1.5,"floorPosition":51.33},{"type":1,"time":4320,"positionX":-5.0,"holdTime":0.0,"speed":1.5,"floorPosition":51.54},{"type":1,"time":4336,"positionX":0.7192984,"holdTime":0.0,"speed":1.5,"floorPosition":51.75},{"type":1,"time":4352,"positionX":-3.017544,"holdTime":0.0,"speed":1.5,"floorPosition":51.96},{"type":3,"time":4352,"positionX":3.719297,"holdTime":32.0,"speed":1.4,"floorPosition":51.96},{"type":1,"time":4384,"positionX":-2.649123,"holdTime":0.0,"speed":1.5,"floorPosition":52.38},{"type":3,"time":4416,"positionX":-3.666667,"holdTime":32.0,"speed":1.4,"floorPosition":52.8},{"type":1,"time":4416,"positionX":2.298245,"holdTime":0.0,"speed":1.5,"floorPosition":52.8},{"type":1,"time":4448,"positionX":1.929825,"holdTime":0.0,"speed":1.5,"floorPosition":53.22},{"type":3,"time":4480,"positionX":-0.4385958,"holdTime":32.0,"speed":1.4,"floorPosition":53.64},{"type":1,"time":4480,"positionX":-5.491228,"holdTime":0.0,"speed":1.5,"floorPosition":53.64},{"type":1,"time":4512,"positionX":-5.543859,"holdTime":0.0,"speed":1.5,"floorPosition":54.059998},{"type":3,"time":4544,"positionX":-2.666667,"holdTime":32.0,"speed":1.4,"floorPosition":54.480003},{"type":1,"time":4544,"positionX":3.842106,"holdTime":0.0,"speed":1.5,"floorPosition":54.480003},{"type":1,"time":4576,"positionX":3.701754,"holdTime":0.0,"speed":1.5,"floorPosition":54.9},{"type":1,"time":4608,"positionX":-0.2280703,"holdTime":0.0,"speed":1.5,"floorPosition":55.320004},{"type":1,"time":4624,"positionX":-2.701754,"holdTime":0.0,"speed":1.5,"floorPosition":55.530003},{"type":1,"time":4656,"positionX":1.14035,"holdTime":0.0,"speed":1.5,"floorPosition":55.95},{"type":1,"time":4672,"positionX":-3.789474,"holdTime":0.0,"speed":1.5,"floorPosition":56.16},{"type":1,"time":4704,"positionX":2.385964,"holdTime":0.0,"speed":1.5,"floorPosition":56.58},{"type":1,"time":4736,"positionX":-3.614035,"holdTime":0.0,"speed":1.5,"floorPosition":57.0},{"type":1,"time":4768,"positionX":-0.5438595,"holdTime":0.0,"speed":1.5,"floorPosition":57.420002},{"type":2,"time":4772,"positionX":0.8245621,"holdTime":0.0,"speed":1.5,"floorPosition":57.4725},{"type":1,"time":4800,"positionX":-3.421053,"holdTime":0.0,"speed":1.5,"floorPosition":57.84},{"type":2,"time":5056,"positionX":-1.017544,"holdTime":0.0,"speed":1.5,"floorPosition":89.16},{"type":2,"time":5184,"positionX":-0.7894735,"holdTime":0.0,"speed":1.5,"floorPosition":89.52},{"type":2,"time":5312,"positionX":-0.8771935,"holdTime":0.0,"speed":1.5,"floorPosition":89.880005},{"type":2,"time":5440,"positionX":0.2982464,"holdTime":0.0,"speed":1.0,"floorPosition":90.24},{"type":2,"time":5472,"positionX":-0.4561405,"holdTime":0.0,"speed":1.0,"floorPosition":90.53999},{"type":2,"time":5504,"positionX":-2.010796,"holdTime":0.0,"speed":1.0,"floorPosition":90.84},{"type":2,"time":5536,"positionX":-4.209227,"holdTime":0.0,"speed":1.0,"floorPosition":91.14},{"type":1,"time":5568,"positionX":1.982456,"holdTime":0.0,"speed":1.0,"floorPosition":91.439995},{"type":1,"time":5584,"positionX":-2.508772,"holdTime":0.0,"speed":1.0,"floorPosition":91.59},{"type":1,"time":5600,"positionX":3.157895,"holdTime":0.0,"speed":1.0,"floorPosition":91.74},{"type":1,"time":5616,"positionX":-4.719297,"holdTime":0.0,"speed":1.0,"floorPosition":91.89},{"type":1,"time":5632,"positionX":-0.9473686,"holdTime":0.0,"speed":1.0,"floorPosition":92.03999},{"type":1,"time":5664,"positionX":-3.0,"holdTime":0.0,"speed":1.0,"floorPosition":92.34},{"type":1,"time":5680,"positionX":2.982455,"holdTime":0.0,"speed":1.0,"floorPosition":92.49},{"type":1,"time":5696,"positionX":-4.649123,"holdTime":0.0,"speed":1.0,"floorPosition":92.64},{"type":1,"time":5728,"positionX":3.280702,"holdTime":0.0,"speed":1.0,"floorPosition":92.939995},{"type":1,"time":5744,"positionX":-3.912281,"holdTime":0.0,"speed":1.0,"floorPosition":93.09},{"type":1,"time":5760,"positionX":2.701755,"holdTime":0.0,"speed":1.0,"floorPosition":93.24},{"type":1,"time":5792,"positionX":-1.561404,"holdTime":0.0,"speed":1.0,"floorPosition":93.53999},{"type":1,"time":5824,"positionX":-3.85965,"holdTime":0.0,"speed":1.0,"floorPosition":93.84},{"type":1,"time":5856,"positionX":2.526316,"holdTime":0.0,"speed":1.0,"floorPosition":94.14},{"type":1,"time":5888,"positionX":-3.280702,"holdTime":0.0,"speed":1.0,"floorPosition":94.439995},{"type":1,"time":5952,"positionX":0.9824562,"holdTime":0.0,"speed":1.0,"floorPosition":95.03999},{"type":1,"time":5984,"positionX":-4.385965,"holdTime":0.0,"speed":1.0,"floorPosition":95.34},{"type":2,"time":6080,"positionX":-0.03508759,"holdTime":0.0,"speed":1.0,"floorPosition":110.52},{"type":2,"time":6096,"positionX":-0.4912281,"holdTime":0.0,"speed":1.0,"floorPosition":110.564995},{"type":2,"time":6112,"positionX":-1.087719,"holdTime":0.0,"speed":1.0,"floorPosition":110.60999},{"type":2,"time":6128,"positionX":-2.081871,"holdTime":0.0,"speed":1.0,"floorPosition":110.65499},{"type":2,"time":6144,"positionX":-3.631578,"holdTime":0.0,"speed":1.0,"floorPosition":110.7},{"type":2,"time":6176,"positionX":-0.333333,"holdTime":0.0,"speed":1.0,"floorPosition":110.78999},{"type":2,"time":6192,"positionX":0.4561405,"holdTime":0.0,"speed":1.0,"floorPosition":110.83499},{"type":2,"time":6208,"positionX":1.68421,"holdTime":0.0,"speed":1.0,"floorPosition":110.87999},{"type":2,"time":6240,"positionX":-2.491228,"holdTime":0.0,"speed":1.0,"floorPosition":110.97},{"type":2,"time":6256,"positionX":-1.122808,"holdTime":0.0,"speed":1.0,"floorPosition":111.015},{"type":2,"time":6272,"positionX":-0.3508768,"holdTime":0.0,"speed":1.0,"floorPosition":111.06},{"type":1,"time":6304,"positionX":2.175438,"holdTime":0.0,"speed":1.0,"floorPosition":111.15},{"type":1,"time":6336,"positionX":-2.017544,"holdTime":0.0,"speed":1.0,"floorPosition":111.24},{"type":1,"time":6368,"positionX":2.578948,"holdTime":0.0,"speed":1.0,"floorPosition":111.329994},{"type":1,"time":6400,"positionX":-2.807017,"holdTime":0.0,"speed":1.0,"floorPosition":111.42},{"type":1,"time":6624,"positionX":-0.333333,"holdTime":0.0,"speed":1.0,"floorPosition":113.1},{"type":2,"time":6728,"positionX":-1.122808,"holdTime":0.0,"speed":1.0,"floorPosition":114.075},{"type":2,"time":6792,"positionX":1.333333,"holdTime":0.0,"speed":1.0,"floorPosition":114.675},{"type":2,"time":6848,"positionX":-0.1052628,"holdTime":0.0,"speed":1.0,"floorPosition":115.2},{"type":2,"time":6976,"positionX":2.210526,"holdTime":0.0,"speed":1.0,"floorPosition":116.4},{"type":2,"time":6984,"positionX":2.175438,"holdTime":0.0,"speed":1.0,"floorPosition":116.475},{"type":2,"time":6992,"positionX":1.943859,"holdTime":0.0,"speed":1.0,"floorPosition":116.55},{"type":2,"time":7000,"positionX":1.638158,"holdTime":0.0,"speed":1.0,"floorPosition":116.625},{"type":2,"time":7008,"positionX":1.233918,"holdTime":0.0,"speed":1.0,"floorPosition":116.7},{"type":2,"time":7016,"positionX":0.7894745,"holdTime":0.0,"speed":1.0,"floorPosition":116.775},{"type":2,"time":7024,"positionX":0.07894745,"holdTime":0.0,"speed":1.0,"floorPosition":116.85},{"type":2,"time":7032,"positionX":-0.7173488,"holdTime":0.0,"speed":1.0,"floorPosition":116.925},{"type":2,"time":7040,"positionX":-1.052631,"holdTime":0.0,"speed":1.0,"floorPosition":117.0},{"type":2,"time":7048,"positionX":-1.508772,"holdTime":0.0,"speed":1.0,"floorPosition":117.075},{"type":2,"time":7056,"positionX":-2.210526,"holdTime":0.0,"speed":1.0,"floorPosition":117.15},{"type":2,"time":7064,"positionX":-2.929825,"holdTime":0.0,"speed":1.0,"floorPosition":117.225},{"type":2,"time":7072,"positionX":-3.735087,"holdTime":0.0,"speed":1.0,"floorPosition":117.3},{"type":2,"time":7080,"positionX":-4.198831,"holdTime":0.0,"speed":1.0,"floorPosition":117.375},{"type":2,"time":7088,"positionX":-4.368421,"holdTime":0.0,"speed":1.0,"floorPosition":117.45},{"type":2,"time":7096,"positionX":-4.384211,"holdTime":0.0,"speed":1.0,"floorPosition":117.525},{"type":2,"time":7104,"positionX":-4.498246,"holdTime":0.0,"speed":1.0,"floorPosition":117.6},{"type":2,"time":7184,"positionX":-1.578947,"holdTime":0.0,"speed":1.0,"floorPosition":118.35},{"type":2,"time":7232,"positionX":-1.403509,"holdTime":0.0,"speed":1.0,"floorPosition":118.8},{"type":2,"time":7296,"positionX":-2.228069,"holdTime":0.0,"speed":1.0,"floorPosition":119.4},{"type":2,"time":7360,"positionX":0.1052628,"holdTime":0.0,"speed":1.0,"floorPosition":120.0},{"type":1,"time":7488,"positionX":-0.2631578,"holdTime":0.0,"speed":1.0,"floorPosition":121.2},{"type":1,"time":7552,"positionX":-2.491228,"holdTime":0.0,"speed":1.0,"floorPosition":121.8},{"type":1,"time":7616,"positionX":1.719298,"holdTime":0.0,"speed":1.0,"floorPosition":122.4},{"type":1,"time":7680,"positionX":-2.912281,"holdTime":0.0,"speed":1.0,"floorPosition":123.0},{"type":1,"time":7744,"positionX":0.8245621,"holdTime":0.0,"speed":1.0,"floorPosition":123.6},{"type":1,"time":7808,"positionX":-4.333334,"holdTime":0.0,"speed":1.0,"floorPosition":124.2},{"type":1,"time":7872,"positionX":1.087719,"holdTime":0.0,"speed":1.0,"floorPosition":124.8},{"type":1,"time":8000,"positionX":-1.456141,"holdTime":0.0,"speed":1.0,"floorPosition":126.0},{"type":1,"time":8064,"positionX":-3.912281,"holdTime":0.0,"speed":1.0,"floorPosition":126.6},{"type":1,"time":8128,"positionX":1.122808,"holdTime":0.0,"speed":1.0,"floorPosition":127.2},{"type":1,"time":8192,"positionX":-2.807017,"holdTime":0.0,"speed":1.0,"floorPosition":127.8},{"type":1,"time":8256,"positionX":2.912281,"holdTime":0.0,"speed":1.0,"floorPosition":128.4},{"type":1,"time":8320,"positionX":-5.368422,"holdTime":0.0,"speed":1.0,"floorPosition":129.0},{"type":1,"time":8384,"positionX":-0.8596497,"holdTime":0.0,"speed":1.0,"floorPosition":129.6},{"type":1,"time":8512,"positionX":-2.368422,"holdTime":0.0,"speed":1.0,"floorPosition":130.8},{"type":1,"time":8544,"positionX":1.350878,"holdTime":0.0,"speed":1.0,"floorPosition":131.1},{"type":1,"time":8576,"positionX":-3.105263,"holdTime":0.0,"speed":1.0,"floorPosition":131.4},{"type":1,"time":8608,"positionX":2.368422,"holdTime":0.0,"speed":1.0,"floorPosition":131.7},{"type":1,"time":8640,"positionX":-2.438597,"holdTime":0.0,"speed":1.0,"floorPosition":132.0},{"type":1,"time":8656,"positionX":2.192983,"holdTime":0.0,"speed":1.0,"floorPosition":132.15},{"type":1,"time":8672,"positionX":-4.122807,"holdTime":0.0,"speed":1.0,"floorPosition":132.3},{"type":1,"time":8688,"positionX":0.333334,"holdTime":0.0,"speed":1.0,"floorPosition":132.45},{"type":1,"time":8704,"positionX":-2.701754,"holdTime":0.0,"speed":1.0,"floorPosition":132.6},{"type":1,"time":8736,"positionX":1.526317,"holdTime":0.0,"speed":1.0,"floorPosition":132.9},{"type":1,"time":8752,"positionX":-2.824561,"holdTime":0.0,"speed":1.0,"floorPosition":133.05},{"type":1,"time":8768,"positionX":3.894737,"holdTime":0.0,"speed":1.0,"floorPosition":133.2},{"type":1,"time":8800,"positionX":-3.105263,"holdTime":0.0,"speed":1.0,"floorPosition":133.5},{"type":1,"time":8816,"positionX":2.385964,"holdTime":0.0,"speed":1.0,"floorPosition":133.65},{"type":1,"time":8832,"positionX":-5.649123,"holdTime":0.0,"speed":1.0,"floorPosition":133.8},{"type":1,"time":8864,"positionX":1.070176,"holdTime":0.0,"speed":1.0,"floorPosition":134.1},{"type":1,"time":8896,"positionX":-3.491228,"holdTime":0.0,"speed":1.0,"floorPosition":134.4},{"type":1,"time":8928,"positionX":2.77193,"holdTime":0.0,"speed":1.0,"floorPosition":134.7},{"type":1,"time":8960,"positionX":-3.315789,"holdTime":0.0,"speed":1.0,"floorPosition":135.0},{"type":1,"time":9024,"positionX":1.157894,"holdTime":0.0,"speed":1.0,"floorPosition":135.6},{"type":1,"time":9056,"positionX":-5.877193,"holdTime":0.0,"speed":1.0,"floorPosition":135.9},{"type":1,"time":9088,"positionX":2.631578,"holdTime":0.0,"speed":1.0,"floorPosition":136.2},{"type":1,"time":9120,"positionX":-2.368422,"holdTime":0.0,"speed":1.0,"floorPosition":136.5},{"type":1,"time":9152,"positionX":3.368422,"holdTime":0.0,"speed":1.0,"floorPosition":136.8},{"type":1,"time":9168,"positionX":-4.877193,"holdTime":0.0,"speed":1.0,"floorPosition":136.95},{"type":1,"time":9184,"positionX":0.6842098,"holdTime":0.0,"speed":1.0,"floorPosition":137.1},{"type":1,"time":9200,"positionX":-2.543859,"holdTime":0.0,"speed":1.0,"floorPosition":137.25},{"type":1,"time":9216,"positionX":2.438597,"holdTime":0.0,"speed":1.0,"floorPosition":137.4},{"type":1,"time":9248,"positionX":-1.894737,"holdTime":0.0,"speed":1.0,"floorPosition":137.7},{"type":1,"time":9264,"positionX":1.403508,"holdTime":0.0,"speed":1.0,"floorPosition":137.85},{"type":1,"time":9280,"positionX":-3.438597,"holdTime":0.0,"speed":1.0,"floorPosition":138.0},{"type":1,"time":9312,"positionX":2.14035,"holdTime":0.0,"speed":1.0,"floorPosition":138.3},{"type":1,"time":9328,"positionX":-2.719297,"holdTime":0.0,"speed":1.0,"floorPosition":138.45},{"type":1,"time":9344,"positionX":1.035089,"holdTime":0.0,"speed":1.0,"floorPosition":138.6},{"type":1,"time":9376,"positionX":-3.070175,"holdTime":0.0,"speed":1.0,"floorPosition":138.9},{"type":1,"time":9408,"positionX":1.368422,"holdTime":0.0,"speed":1.0,"floorPosition":139.2},{"type":1,"time":9440,"positionX":-4.666667,"holdTime":0.0,"speed":1.0,"floorPosition":139.5},{"type":1,"time":9472,"positionX":1.403508,"holdTime":0.0,"speed":1.0,"floorPosition":139.8},{"type":1,"time":9536,"positionX":-5.298245,"holdTime":0.0,"speed":1.0,"floorPosition":140.4},{"type":1,"time":9600,"positionX":-3.350878,"holdTime":0.0,"speed":1.0,"floorPosition":141.0},{"type":1,"time":9664,"positionX":4.298246,"holdTime":0.0,"speed":1.0,"floorPosition":141.6},{"type":1,"time":9728,"positionX":3.85965,"holdTime":0.0,"speed":1.0,"floorPosition":142.2},{"type":1,"time":9792,"positionX":-5.719298,"holdTime":0.0,"speed":1.0,"floorPosition":142.8},{"type":1,"time":9856,"positionX":4.157895,"holdTime":0.0,"speed":1.0,"floorPosition":143.4},{"type":3,"time":9920,"positionX":-3.964912,"holdTime":64.0,"speed":1.0,"floorPosition":144.0},{"type":1,"time":10048,"positionX":-2.333333,"holdTime":0.0,"speed":1.0,"floorPosition":145.2},{"type":1,"time":10112,"positionX":3.228069,"holdTime":0.0,"speed":1.0,"floorPosition":145.8},{"type":1,"time":10176,"positionX":-6.964912,"holdTime":0.0,"speed":1.0,"floorPosition":146.4},{"type":1,"time":10368,"positionX":-5.087719,"holdTime":0.0,"speed":1.0,"floorPosition":148.2},{"type":3,"time":10432,"positionX":3.298245,"holdTime":64.0,"speed":1.0,"floorPosition":148.8},{"type":1,"time":10560,"positionX":2.315789,"holdTime":0.0,"speed":1.0,"floorPosition":150.0},{"type":1,"time":10592,"positionX":-3.929825,"holdTime":0.0,"speed":1.0,"floorPosition":150.3},{"type":1,"time":10624,"positionX":3.877192,"holdTime":0.0,"speed":1.0,"floorPosition":150.6},{"type":1,"time":10656,"positionX":-4.070175,"holdTime":0.0,"speed":1.0,"floorPosition":150.9},{"type":1,"time":10688,"positionX":3.31579,"holdTime":0.0,"speed":1.0,"floorPosition":151.2},{"type":1,"time":10704,"positionX":-3.438597,"holdTime":0.0,"speed":1.0,"floorPosition":151.35},{"type":1,"time":10720,"positionX":1.649122,"holdTime":0.0,"speed":1.0,"floorPosition":151.5},{"type":1,"time":10736,"positionX":-3.157894,"holdTime":0.0,"speed":1.0,"floorPosition":151.65},{"type":1,"time":10752,"positionX":1.666666,"holdTime":0.0,"speed":1.0,"floorPosition":151.8},{"type":1,"time":10784,"positionX":-1.649123,"holdTime":0.0,"speed":1.0,"floorPosition":152.1},{"type":1,"time":10800,"positionX":2.77193,"holdTime":0.0,"speed":1.0,"floorPosition":152.25},{"type":1,"time":10816,"positionX":-4.070175,"holdTime":0.0,"speed":1.0,"floorPosition":152.4},{"type":1,"time":10848,"positionX":2.438597,"holdTime":0.0,"speed":1.0,"floorPosition":152.7},{"type":1,"time":10864,"positionX":-4.070175,"holdTime":0.0,"speed":1.0,"floorPosition":152.85},{"type":1,"time":10880,"positionX":0.7543859,"holdTime":0.0,"speed":1.0,"floorPosition":153.0},{"type":1,"time":10912,"positionX":-3.035088,"holdTime":0.0,"speed":1.0,"floorPosition":153.3},{"type":1,"time":10944,"positionX":1.508772,"holdTime":0.0,"speed":1.0,"floorPosition":153.6},{"type":1,"time":10976,"positionX":-4.736842,"holdTime":0.0,"speed":1.0,"floorPosition":153.9},{"type":1,"time":11008,"positionX":1.280703,"holdTime":0.0,"speed":1.0,"floorPosition":154.2},{"type":1,"time":11072,"positionX":0.5964928,"holdTime":0.0,"speed":1.0,"floorPosition":154.8},{"type":1,"time":11104,"positionX":-2.14035,"holdTime":0.0,"speed":1.0,"floorPosition":155.1},{"type":1,"time":11136,"positionX":3.578948,"holdTime":0.0,"speed":1.0,"floorPosition":155.4},{"type":1,"time":11168,"positionX":-1.719298,"holdTime":0.0,"speed":1.0,"floorPosition":155.7},{"type":1,"time":11200,"positionX":3.035088,"holdTime":0.0,"speed":1.0,"floorPosition":156.0},{"type":1,"time":11216,"positionX":-3.157894,"holdTime":0.0,"speed":1.0,"floorPosition":156.15},{"type":1,"time":11232,"positionX":3.438597,"holdTime":0.0,"speed":1.0,"floorPosition":156.3},{"type":1,"time":11248,"positionX":-5.105263,"holdTime":0.0,"speed":1.0,"floorPosition":156.45},{"type":1,"time":11264,"positionX":-0.5789471,"holdTime":0.0,"speed":1.0,"floorPosition":156.6},{"type":1,"time":11296,"positionX":-2.526316,"holdTime":0.0,"speed":1.0,"floorPosition":156.9},{"type":1,"time":11312,"positionX":4.403508,"holdTime":0.0,"speed":1.0,"floorPosition":157.05},{"type":1,"time":11328,"positionX":-5.807017,"holdTime":0.0,"speed":1.0,"floorPosition":157.2},{"type":1,"time":11376,"positionX":2.473684,"holdTime":0.0,"speed":1.0,"floorPosition":157.65},{"type":1,"time":11392,"positionX":-4.298246,"holdTime":0.0,"speed":1.0,"floorPosition":157.8},{"type":1,"time":11424,"positionX":0.4561405,"holdTime":0.0,"speed":1.0,"floorPosition":158.1},{"type":1,"time":11456,"positionX":-3.824561,"holdTime":0.0,"speed":1.0,"floorPosition":158.4},{"type":1,"time":11520,"positionX":-0.2105255,"holdTime":0.0,"speed":1.0,"floorPosition":159.0},{"type":1,"time":11552,"positionX":-0.3508768,"holdTime":0.0,"speed":1.0,"floorPosition":159.3},{"type":4,"time":11584,"positionX":-0.2631578,"holdTime":0.0,"speed":1.0,"floorPosition":159.6}],"notesBelow":[{"type":1,"time":10240,"positionX":-1.631578,"holdTime":0.0,"speed":1.0,"floorPosition":147.0},{"type":1,"time":10304,"positionX":2.31579,"holdTime":0.0,"speed":1.0,"floorPosition":147.6}],"speedEvents":[{"startTime":-10666.0,"endTime":0.0,"value":1.0},{"startTime":0.0,"endTime":2752.0,"value":1.2},{"startTime":2752.0,"endTime":4896.0,"value":1.4},{"startTime":4896.0,"endTime":4928.0,"value":99.0},{"startTime":4928.0,"endTime":5440.0,"value":0.3},{"startTime":5440.0,"endTime":6000.0,"value":1.0},{"startTime":6000.0,"endTime":6016.0,"value":99.0},{"startTime":6016.0,"endTime":6464.0,"value":0.3},{"startTime":6464.0,"endTime":9216000.0,"value":1.0}],"judgeLineMoveEvents":[{"startTime":-10666.0,"endTime":1280.0,"start":440260.0,"end":440260.0},{"startTime":1280.0,"endTime":1408.0,"start":440260.0,"end":352260.0},{"startTime":1408.0,"endTime":1536.0,"start":352260.0,"end":440260.0},{"startTime":1536.0,"endTime":1664.0,"start":440260.0,"end":352260.0},{"startTime":1664.0,"endTime":1792.0,"start":352260.0,"end":440260.0},{"startTime":1792.0,"endTime":2688.0,"start":440260.0,"end":440260.0},{"startTime":2688.0,"endTime":2816.0,"start":440260.0,"end":440052.0},{"startTime":2816.0,"endTime":2944.0,"start":440052.0,"end":440104.0},{"startTime":2944.0,"endTime":3072.0,"start":440104.0,"end":440052.0},{"startTime":3072.0,"endTime":3200.0,"start":440052.0,"end":440104.0},{"startTime":3200.0,"endTime":3328.0,"start":440104.0,"end":440052.0},{"startTime":3328.0,"endTime":3456.0,"start":440052.0,"end":352104.0},{"startTime":3456.0,"endTime":3584.0,"start":352104.0,"end":440052.0},{"startTime":3584.0,"endTime":3712.0,"start":440052.0,"end":528104.0},{"startTime":3712.0,"endTime":3840.0,"start":528104.0,"end":440052.0},{"startTime":3840.0,"endTime":4864.0,"start":440052.0,"end":440052.0},{"startTime":4864.0,"endTime":4868.0,"start":440467.0,"end":440052.0},{"startTime":4868.0,"endTime":6728.0,"start":440260.0,"end":440260.0},{"startTime":6728.0,"endTime":6736.0,"start":440362.0,"end":440104.0},{"startTime":6736.0,"endTime":6744.0,"start":440467.0,"end":440104.0},{"startTime":6744.0,"endTime":6760.0,"start":440260.0,"end":440260.0},{"startTime":6760.0,"endTime":6768.0,"start":440104.0,"end":440363.0},{"startTime":6768.0,"endTime":6800.0,"start":440260.0,"end":440260.0},{"startTime":6800.0,"endTime":6808.0,"start":440104.0,"end":440467.0},{"startTime":6808.0,"endTime":6856.0,"start":440260.0,"end":440260.0},{"startTime":6856.0,"endTime":6864.0,"start":440104.0,"end":440467.0},{"startTime":6864.0,"endTime":6888.0,"start":440260.0,"end":440260.0},{"startTime":6888.0,"endTime":6896.0,"start":440208.0,"end":440363.0},{"startTime":6896.0,"endTime":6904.0,"start":440260.0,"end":440260.0},{"startTime":6904.0,"endTime":6912.0,"start":440156.0,"end":704104.0},{"startTime":6912.0,"endTime":6920.0,"start":440260.0,"end":440260.0},{"startTime":6920.0,"endTime":6928.0,"start":440416.0,"end":440104.0},{"startTime":6928.0,"endTime":6936.0,"start":440260.0,"end":440260.0},{"startTime":6936.0,"endTime":6944.0,"start":440104.0,"end":440467.0},{"startTime":6944.0,"endTime":7104.0,"start":440260.0,"end":440260.0},{"startTime":7104.0,"endTime":7112.0,"start":440104.0,"end":440467.0},{"startTime":7112.0,"endTime":7120.0,"start":440208.0,"end":440509.0},{"startTime":7120.0,"endTime":7184.0,"start":440260.0,"end":440260.0},{"startTime":7184.0,"endTime":7192.0,"start":440104.0,"end":440416.0},{"startTime":7192.0,"endTime":7232.0,"start":440260.0,"end":440260.0},{"startTime":7232.0,"endTime":7240.0,"start":440052.0,"end":440467.0},{"startTime":7240.0,"endTime":7248.0,"start":440156.0,"end":440416.0},{"startTime":7248.0,"endTime":7296.0,"start":440260.0,"end":440260.0},{"startTime":7296.0,"endTime":7304.0,"start":440260.0,"end":440052.0},{"startTime":7304.0,"endTime":7312.0,"start":440260.0,"end":440260.0},{"startTime":7312.0,"endTime":7320.0,"start":440052.0,"end":440416.0},{"startTime":7320.0,"endTime":7360.0,"start":440260.0,"end":440260.0},{"startTime":7360.0,"endTime":7368.0,"start":440104.0,"end":440416.0},{"startTime":7368.0,"endTime":7384.0,"start":440260.0,"end":440260.0},{"startTime":7384.0,"endTime":7392.0,"start":440416.0,"end":440104.0},{"startTime":7392.0,"endTime":7400.0,"start":440260.0,"end":440052.0},{"startTime":7400.0,"endTime":7416.0,"start":440260.0,"end":440260.0},{"startTime":7416.0,"endTime":7424.0,"start":440104.0,"end":440467.0},{"startTime":7424.0,"endTime":7488.0,"start":440260.0,"end":440260.0},{"startTime":7488.0,"endTime":7496.0,"start":440249.0,"end":440260.0},{"startTime":7496.0,"endTime":7504.0,"start":440260.0,"end":440249.0},{"startTime":7504.0,"endTime":7512.0,"start":440260.0,"end":422260.0},{"startTime":7512.0,"endTime":7520.0,"start":440260.0,"end":440270.0},{"startTime":7520.0,"endTime":7528.0,"start":440260.0,"end":457260.0},{"startTime":7528.0,"endTime":7536.0,"start":440260.0,"end":440244.0},{"startTime":7536.0,"endTime":7544.0,"start":440260.0,"end":440275.0},{"startTime":7544.0,"endTime":7552.0,"start":404260.0,"end":440260.0},{"startTime":7552.0,"endTime":7560.0,"start":475260.0,"end":440260.0},{"startTime":7560.0,"endTime":7568.0,"start":440260.0,"end":440280.0},{"startTime":7568.0,"endTime":7576.0,"start":440260.0,"end":440244.0},{"startTime":7576.0,"endTime":7584.0,"start":440260.0,"end":475260.0},{"startTime":7584.0,"endTime":7592.0,"start":440239.0,"end":440260.0},{"startTime":7592.0,"endTime":7600.0,"start":404260.0,"end":440260.0},{"startTime":7600.0,"endTime":7608.0,"start":404260.0,"end":440260.0},{"startTime":7608.0,"endTime":7616.0,"start":440260.0,"end":475260.0},{"startTime":7616.0,"endTime":7624.0,"start":440260.0,"end":440239.0},{"startTime":7624.0,"endTime":7632.0,"start":440280.0,"end":440260.0},{"startTime":7632.0,"endTime":7640.0,"start":440260.0,"end":475260.0},{"startTime":7640.0,"endTime":7648.0,"start":440260.0,"end":440239.0},{"startTime":7648.0,"endTime":7656.0,"start":404260.0,"end":440260.0},{"startTime":7656.0,"endTime":7664.0,"start":440239.0,"end":440260.0},{"startTime":7664.0,"endTime":7672.0,"start":440260.0,"end":440286.0},{"startTime":7672.0,"endTime":7680.0,"start":395260.0,"end":440260.0},{"startTime":7680.0,"endTime":7688.0,"start":440286.0,"end":440260.0},{"startTime":7688.0,"endTime":7696.0,"start":484260.0,"end":440260.0},{"startTime":7696.0,"endTime":7704.0,"start":440233.0,"end":440260.0},{"startTime":7704.0,"endTime":7712.0,"start":440260.0,"end":395260.0},{"startTime":7712.0,"endTime":7720.0,"start":440260.0,"end":440286.0},{"startTime":7720.0,"endTime":7728.0,"start":440233.0,"end":440260.0},{"startTime":7728.0,"endTime":7736.0,"start":484260.0,"end":440260.0},{"startTime":7736.0,"endTime":7744.0,"start":440260.0,"end":440260.0},{"startTime":7744.0,"endTime":7752.0,"start":440260.0,"end":466260.0},{"startTime":7752.0,"endTime":7760.0,"start":440260.0,"end":413260.0},{"startTime":7760.0,"endTime":7768.0,"start":440260.0,"end":457260.0},{"startTime":7768.0,"endTime":7776.0,"start":440244.0,"end":440260.0},{"startTime":7776.0,"endTime":7784.0,"start":440260.0,"end":440270.0},{"startTime":7784.0,"endTime":7792.0,"start":440260.0,"end":413260.0},{"startTime":7792.0,"endTime":7800.0,"start":475260.0,"end":440260.0},{"startTime":7800.0,"endTime":7808.0,"start":440260.0,"end":395260.0},{"startTime":7808.0,"endTime":7816.0,"start":395260.0,"end":440260.0},{"startTime":7816.0,"endTime":7824.0,"start":440260.0,"end":404260.0},{"startTime":7824.0,"endTime":7832.0,"start":440260.0,"end":440275.0},{"startTime":7832.0,"endTime":7840.0,"start":440280.0,"end":440260.0},{"startTime":7840.0,"endTime":7848.0,"start":440239.0,"end":440260.0},{"startTime":7848.0,"endTime":7856.0,"start":440260.0,"end":475260.0},{"startTime":7856.0,"endTime":7864.0,"start":440260.0,"end":440280.0},{"startTime":7864.0,"endTime":7872.0,"start":404260.0,"end":440260.0},{"startTime":7872.0,"endTime":7880.0,"start":475260.0,"end":440260.0},{"startTime":7880.0,"endTime":7888.0,"start":440239.0,"end":440260.0},{"startTime":7888.0,"endTime":7896.0,"start":440260.0,"end":466260.0},{"startTime":7896.0,"endTime":7904.0,"start":440260.0,"end":440244.0},{"startTime":7904.0,"endTime":7912.0,"start":422260.0,"end":440260.0},{"startTime":7912.0,"endTime":7920.0,"start":440260.0,"end":395260.0},{"startTime":7920.0,"endTime":7928.0,"start":440286.0,"end":440260.0},{"startTime":7928.0,"endTime":7936.0,"start":484260.0,"end":440260.0},{"startTime":7936.0,"endTime":7944.0,"start":440260.0,"end":440233.0},{"startTime":7944.0,"endTime":7952.0,"start":484260.0,"end":440260.0},{"startTime":7952.0,"endTime":7960.0,"start":440260.0,"end":484260.0},{"startTime":7960.0,"endTime":7968.0,"start":395260.0,"end":440260.0},{"startTime":7968.0,"endTime":7976.0,"start":395260.0,"end":440260.0},{"startTime":7976.0,"endTime":7984.0,"start":440260.0,"end":484260.0},{"startTime":7984.0,"endTime":7992.0,"start":440260.0,"end":395260.0},{"startTime":7992.0,"endTime":8000.0,"start":440280.0,"end":440260.0},{"startTime":8000.0,"endTime":8136.0,"start":440260.0,"end":440260.0},{"startTime":8136.0,"endTime":8144.0,"start":404260.0,"end":440260.0},{"startTime":8144.0,"endTime":8152.0,"start":440260.0,"end":440260.0},{"startTime":8152.0,"endTime":8160.0,"start":440260.0,"end":484260.0},{"startTime":8160.0,"endTime":8168.0,"start":440260.0,"end":440260.0},{"startTime":8168.0,"endTime":8176.0,"start":404260.0,"end":440260.0},{"startTime":8176.0,"endTime":8184.0,"start":440260.0,"end":440260.0},{"startTime":8184.0,"endTime":8192.0,"start":440260.0,"end":440275.0},{"startTime":8192.0,"endTime":8200.0,"start":440260.0,"end":440260.0},{"startTime":8200.0,"endTime":8208.0,"start":440260.0,"end":440239.0},{"startTime":8208.0,"endTime":8216.0,"start":440260.0,"end":440260.0},{"startTime":8216.0,"endTime":8224.0,"start":440239.0,"end":440260.0},{"startTime":8224.0,"endTime":8232.0,"start":440260.0,"end":440260.0},{"startTime":8232.0,"endTime":8240.0,"start":440260.0,"end":395260.0},{"startTime":8240.0,"endTime":8248.0,"start":440260.0,"end":440260.0},{"startTime":8248.0,"endTime":8256.0,"start":440260.0,"end":440286.0},{"startTime":8256.0,"endTime":8264.0,"start":440260.0,"end":440260.0},{"startTime":8264.0,"endTime":8272.0,"start":440260.0,"end":440156.0},{"startTime":8272.0,"endTime":8280.0,"start":440260.0,"end":440260.0},{"startTime":8280.0,"endTime":8288.0,"start":440280.0,"end":440260.0},{"startTime":8288.0,"endTime":8296.0,"start":440260.0,"end":440260.0},{"startTime":8296.0,"endTime":8304.0,"start":440260.0,"end":440286.0},{"startTime":8304.0,"endTime":8312.0,"start":440260.0,"end":440260.0},{"startTime":8312.0,"endTime":8320.0,"start":440260.0,"end":404260.0},{"startTime":8320.0,"endTime":8328.0,"start":440260.0,"end":440260.0},{"startTime":8328.0,"endTime":8336.0,"start":440260.0,"end":440280.0},{"startTime":8336.0,"endTime":8344.0,"start":440260.0,"end":440260.0},{"startTime":8344.0,"endTime":8352.0,"start":440260.0,"end":404260.0},{"startTime":8352.0,"endTime":8360.0,"start":440260.0,"end":440260.0},{"startTime":8360.0,"endTime":8368.0,"start":440260.0,"end":440416.0},{"startTime":8368.0,"endTime":8376.0,"start":440260.0,"end":440260.0},{"startTime":8376.0,"endTime":8384.0,"start":440228.0,"end":440260.0},{"startTime":8384.0,"endTime":8392.0,"start":440260.0,"end":403239.0},{"startTime":8392.0,"endTime":8400.0,"start":440260.0,"end":474275.0},{"startTime":8400.0,"endTime":8408.0,"start":440260.0,"end":290171.0},{"startTime":8408.0,"endTime":8416.0,"start":440260.0,"end":492260.0},{"startTime":8416.0,"endTime":8424.0,"start":440260.0,"end":378223.0},{"startTime":8424.0,"endTime":8432.0,"start":440260.0,"end":774457.0},{"startTime":8432.0,"endTime":8440.0,"start":440260.0,"end":528400.0},{"startTime":8440.0,"endTime":8448.0,"start":440260.0,"end":440286.0},{"startTime":8448.0,"endTime":8456.0,"start":440260.0,"end":440260.0},{"startTime":8456.0,"endTime":8464.0,"start":440260.0,"end":440312.0},{"startTime":8464.0,"endTime":8472.0,"start":440260.0,"end":440239.0},{"startTime":8472.0,"endTime":8480.0,"start":440260.0,"end":440280.0},{"startTime":8480.0,"endTime":8488.0,"start":440260.0,"end":440239.0},{"startTime":8488.0,"endTime":8496.0,"start":440260.0,"end":440260.0},{"startTime":8496.0,"endTime":8504.0,"start":440260.0,"end":484244.0},{"startTime":8504.0,"endTime":8512.0,"start":440260.0,"end":440260.0},{"startTime":8512.0,"endTime":8544.0,"start":440208.0,"end":440260.0},{"startTime":8544.0,"endTime":8576.0,"start":440260.0,"end":440260.0},{"startTime":8576.0,"endTime":8608.0,"start":440208.0,"end":440260.0},{"startTime":8608.0,"endTime":8640.0,"start":440260.0,"end":440260.0},{"startTime":8640.0,"endTime":8672.0,"start":440208.0,"end":440260.0},{"startTime":8672.0,"endTime":8704.0,"start":440260.0,"end":440260.0},{"startTime":8704.0,"endTime":8736.0,"start":440208.0,"end":440260.0},{"startTime":8736.0,"endTime":8768.0,"start":440260.0,"end":440260.0},{"startTime":8768.0,"endTime":8800.0,"start":440208.0,"end":440260.0},{"startTime":8800.0,"endTime":8832.0,"start":440260.0,"end":440260.0},{"startTime":8832.0,"endTime":8864.0,"start":440208.0,"end":440260.0},{"startTime":8864.0,"endTime":8896.0,"start":440260.0,"end":440260.0},{"startTime":8896.0,"endTime":8928.0,"start":440208.0,"end":440260.0},{"startTime":8928.0,"endTime":8960.0,"start":440260.0,"end":440260.0},{"startTime":8960.0,"endTime":8992.0,"start":440208.0,"end":440260.0},{"startTime":8992.0,"endTime":9024.0,"start":440260.0,"end":440260.0},{"startTime":9024.0,"endTime":9056.0,"start":440208.0,"end":440260.0},{"startTime":9056.0,"endTime":9088.0,"start":440260.0,"end":440260.0},{"startTime":9088.0,"endTime":9120.0,"start":440208.0,"end":440260.0},{"startTime":9120.0,"endTime":9152.0,"start":440260.0,"end":440260.0},{"startTime":9152.0,"endTime":9184.0,"start":440208.0,"end":440260.0},{"startTime":9184.0,"endTime":9216.0,"start":440260.0,"end":440260.0},{"startTime":9216.0,"endTime":9248.0,"start":440208.0,"end":440260.0},{"startTime":9248.0,"endTime":9280.0,"start":440260.0,"end":440260.0},{"startTime":9280.0,"endTime":9312.0,"start":440208.0,"end":440260.0},{"startTime":9312.0,"endTime":9344.0,"start":440260.0,"end":440260.0},{"startTime":9344.0,"endTime":9376.0,"start":440208.0,"end":440260.0},{"startTime":9376.0,"endTime":9408.0,"start":440260.0,"end":440260.0},{"startTime":9408.0,"endTime":9440.0,"start":440208.0,"end":440260.0},{"startTime":9440.0,"endTime":9472.0,"start":440260.0,"end":440260.0},{"startTime":9472.0,"endTime":9504.0,"start":440208.0,"end":440260.0},{"startTime":9504.0,"endTime":10048.0,"start":440260.0,"end":440260.0},{"startTime":10048.0,"endTime":10080.0,"start":440208.0,"end":440260.0},{"startTime":10080.0,"endTime":10112.0,"start":440260.0,"end":440260.0},{"startTime":10112.0,"endTime":10144.0,"start":440208.0,"end":440260.0},{"startTime":10144.0,"endTime":10176.0,"start":440260.0,"end":440260.0},{"startTime":10176.0,"endTime":10208.0,"start":440208.0,"end":440260.0},{"startTime":10208.0,"endTime":10240.0,"start":440260.0,"end":440260.0},{"startTime":10240.0,"endTime":10272.0,"start":440312.0,"end":440260.0},{"startTime":10272.0,"endTime":10304.0,"start":440260.0,"end":440260.0},{"startTime":10304.0,"endTime":10336.0,"start":440312.0,"end":440260.0},{"startTime":10336.0,"endTime":10368.0,"start":440260.0,"end":440260.0},{"startTime":10368.0,"endTime":10400.0,"start":440208.0,"end":440260.0},{"startTime":10400.0,"endTime":10432.0,"start":440260.0,"end":440260.0},{"startTime":10432.0,"endTime":10464.0,"start":440312.0,"end":440260.0},{"startTime":10464.0,"endTime":10496.0,"start":440260.0,"end":440260.0},{"startTime":10496.0,"endTime":10528.0,"start":440208.0,"end":440260.0},{"startTime":10528.0,"endTime":11696.0,"start":440260.0,"end":440260.0},{"startTime":11696.0,"endTime":11704.0,"start":440208.0,"end":440208.0},{"startTime":11704.0,"endTime":11712.0,"start":440416.0,"end":440467.0},{"startTime":11712.0,"endTime":11720.0,"start":440260.0,"end":440260.0},{"startTime":11720.0,"endTime":11728.0,"start":440208.0,"end":440260.0},{"startTime":11728.0,"endTime":11736.0,"start":440467.0,"end":440467.0},{"startTime":11736.0,"endTime":9216000.0,"start":440260.0,"end":440260.0}],"judgeLineRotateEvents":[{"startTime":-10666.0,"endTime":768.0,"start":0.0,"end":0.0},{"startTime":768.0,"endTime":896.0,"start":0.0,"end":15.0},{"startTime":896.0,"endTime":1024.0,"start":15.0,"end":-15.0},{"startTime":1024.0,"endTime":1152.0,"start":-14.0,"end":15.0},{"startTime":1152.0,"endTime":1280.0,"start":15.0,"end":0.0},{"startTime":1280.0,"endTime":3328.0,"start":0.0,"end":0.0},{"startTime":3328.0,"endTime":3456.0,"start":0.0,"end":-15.0},{"startTime":3456.0,"endTime":3584.0,"start":-14.0,"end":0.0},{"startTime":3584.0,"endTime":3712.0,"start":0.0,"end":15.0},{"startTime":3712.0,"endTime":3840.0,"start":15.0,"end":0.0},{"startTime":3840.0,"endTime":4868.0,"start":0.0,"end":0.0},{"startTime":4868.0,"endTime":4872.0,"start":0.0,"end":720.0},{"startTime":4872.0,"endTime":4904.0,"start":0.0,"end":0.0},{"startTime":4904.0,"endTime":4920.0,"start":22.0,"end":720.0},{"startTime":4920.0,"endTime":4928.0,"start":0.0,"end":0.0},{"startTime":4928.0,"endTime":5312.0,"start":0.0,"end":45.0},{"startTime":5312.0,"endTime":5440.0,"start":45.0,"end":0.0},{"startTime":5440.0,"endTime":6008.0,"start":0.0,"end":0.0},{"startTime":6008.0,"endTime":6024.0,"start":0.0,"end":1080.0},{"startTime":6024.0,"endTime":6624.0,"start":0.0,"end":0.0},{"startTime":6624.0,"endTime":6640.0,"start":0.0,"end":720.0},{"startTime":6640.0,"endTime":6752.0,"start":0.0,"end":0.0},{"startTime":6752.0,"endTime":6760.0,"start":0.0,"end":666.0},{"startTime":6760.0,"endTime":6792.0,"start":0.0,"end":0.0},{"startTime":6792.0,"endTime":6800.0,"start":0.0,"end":555.0},{"startTime":6800.0,"endTime":6848.0,"start":0.0,"end":0.0},{"startTime":6848.0,"endTime":6856.0,"start":0.0,"end":360.0},{"startTime":6856.0,"endTime":6864.0,"start":0.0,"end":0.0},{"startTime":6864.0,"endTime":6888.0,"start":0.0,"end":1111.0},{"startTime":6888.0,"endTime":6912.0,"start":0.0,"end":0.0},{"startTime":6912.0,"endTime":6920.0,"start":0.0,"end":360.0},{"startTime":6920.0,"endTime":6928.0,"start":0.0,"end":0.0},{"startTime":6928.0,"endTime":6936.0,"start":0.0,"end":222.0},{"startTime":6936.0,"endTime":6976.0,"start":0.0,"end":0.0},{"startTime":6976.0,"endTime":7072.0,"start":0.0,"end":150.0},{"startTime":7072.0,"endTime":7104.0,"start":150.0,"end":180.0},{"startTime":7104.0,"endTime":7120.0,"start":0.0,"end":0.0},{"startTime":7120.0,"endTime":7128.0,"start":0.0,"end":333.0},{"startTime":7128.0,"endTime":7136.0,"start":0.0,"end":-222.0},{"startTime":7136.0,"endTime":7192.0,"start":0.0,"end":0.0},{"startTime":7192.0,"endTime":7200.0,"start":0.0,"end":123.0},{"startTime":7200.0,"endTime":7248.0,"start":0.0,"end":0.0},{"startTime":7248.0,"endTime":7256.0,"start":-122.0,"end":234.0},{"startTime":7256.0,"endTime":7304.0,"start":0.0,"end":0.0},{"startTime":7304.0,"endTime":7312.0,"start":0.0,"end":555.0},{"startTime":7312.0,"endTime":7368.0,"start":0.0,"end":0.0},{"startTime":7368.0,"endTime":7376.0,"start":111.0,"end":343.0},{"startTime":7376.0,"endTime":7384.0,"start":-221.0,"end":0.0},{"startTime":7384.0,"endTime":7400.0,"start":0.0,"end":0.0},{"startTime":7400.0,"endTime":7408.0,"start":0.0,"end":333.0},{"startTime":7408.0,"endTime":7416.0,"start":0.0,"end":222.0},{"startTime":7416.0,"endTime":7408.0,"start":0.0,"end":222.0},{"startTime":7408.0,"endTime":7424.0,"start":0.0,"end":0.0},{"startTime":7424.0,"endTime":7440.0,"start":0.0,"end":720.0},{"startTime":7440.0,"endTime":8000.0,"start":0.0,"end":0.0},{"startTime":8000.0,"endTime":8008.0,"start":0.0,"end":11.0},{"startTime":8008.0,"endTime":8016.0,"start":0.0,"end":0.0},{"startTime":8016.0,"endTime":8024.0,"start":0.0,"end":12.0},{"startTime":8024.0,"endTime":8032.0,"start":0.0,"end":-7.0},{"startTime":8032.0,"endTime":8040.0,"start":0.0,"end":12.0},{"startTime":8040.0,"endTime":8048.0,"start":0.0,"end":-5.0},{"startTime":8048.0,"endTime":8056.0,"start":0.0,"end":9.0},{"startTime":8056.0,"endTime":8064.0,"start":0.0,"end":-11.0},{"startTime":8064.0,"endTime":8072.0,"start":0.0,"end":12.0},{"startTime":8072.0,"endTime":8080.0,"start":0.0,"end":9.0},{"startTime":8080.0,"endTime":8088.0,"start":0.0,"end":-12.0},{"startTime":8088.0,"endTime":8096.0,"start":0.0,"end":8.0},{"startTime":8096.0,"endTime":8104.0,"start":0.0,"end":11.0},{"startTime":8104.0,"endTime":8112.0,"start":0.0,"end":-12.0},{"startTime":8112.0,"endTime":8120.0,"start":0.0,"end":-17.0},{"startTime":8120.0,"endTime":8128.0,"start":0.0,"end":12.0},{"startTime":8128.0,"endTime":8136.0,"start":0.0,"end":11.0},{"startTime":8136.0,"endTime":8144.0,"start":0.0,"end":0.0},{"startTime":8144.0,"endTime":8152.0,"start":0.0,"end":11.0},{"startTime":8152.0,"endTime":8160.0,"start":0.0,"end":0.0},{"startTime":8160.0,"endTime":8168.0,"start":0.0,"end":8.0},{"startTime":8168.0,"endTime":8176.0,"start":0.0,"end":0.0},{"startTime":8176.0,"endTime":8184.0,"start":0.0,"end":-5.0},{"startTime":8184.0,"endTime":8192.0,"start":0.0,"end":0.0},{"startTime":8192.0,"endTime":8200.0,"start":0.0,"end":11.0},{"startTime":8200.0,"endTime":8208.0,"start":0.0,"end":0.0},{"startTime":8208.0,"endTime":8216.0,"start":0.0,"end":-9.0},{"startTime":8216.0,"endTime":8224.0,"start":0.0,"end":0.0},{"startTime":8224.0,"endTime":8232.0,"start":0.0,"end":11.0},{"startTime":8232.0,"endTime":8240.0,"start":0.0,"end":0.0},{"startTime":8240.0,"endTime":8248.0,"start":0.0,"end":9.0},{"startTime":8248.0,"endTime":8256.0,"start":0.0,"end":0.0},{"startTime":8256.0,"endTime":8264.0,"start":0.0,"end":18.0},{"startTime":8264.0,"endTime":8272.0,"start":0.0,"end":0.0},{"startTime":8272.0,"endTime":8280.0,"start":0.0,"end":12.0},{"startTime":8280.0,"endTime":8288.0,"start":0.0,"end":0.0},{"startTime":8288.0,"endTime":8296.0,"start":0.0,"end":-17.0},{"startTime":8296.0,"endTime":8304.0,"start":0.0,"end":0.0},{"startTime":8304.0,"endTime":8312.0,"start":0.0,"end":12.0},{"startTime":8312.0,"endTime":8320.0,"start":0.0,"end":0.0},{"startTime":8320.0,"endTime":8328.0,"start":0.0,"end":-11.0},{"startTime":8328.0,"endTime":8336.0,"start":0.0,"end":0.0},{"startTime":8336.0,"endTime":8344.0,"start":0.0,"end":66.0},{"startTime":8344.0,"endTime":8368.0,"start":0.0,"end":0.0},{"startTime":8368.0,"endTime":8376.0,"start":0.0,"end":-22.0},{"startTime":8376.0,"endTime":8392.0,"start":0.0,"end":0.0},{"startTime":8392.0,"endTime":8400.0,"start":0.0,"end":8.0},{"startTime":8400.0,"endTime":8408.0,"start":0.0,"end":12.0},{"startTime":8408.0,"endTime":8416.0,"start":0.0,"end":0.0},{"startTime":8416.0,"endTime":8424.0,"start":0.0,"end":12.0},{"startTime":8424.0,"endTime":8432.0,"start":0.0,"end":33.0},{"startTime":8432.0,"endTime":8440.0,"start":0.0,"end":66.0},{"startTime":8440.0,"endTime":8448.0,"start":0.0,"end":0.0},{"startTime":8448.0,"endTime":8456.0,"start":0.0,"end":22.0},{"startTime":8456.0,"endTime":8464.0,"start":0.0,"end":0.0},{"startTime":8464.0,"endTime":8472.0,"start":0.0,"end":8.0},{"startTime":8472.0,"endTime":8480.0,"start":0.0,"end":12.0},{"startTime":8480.0,"endTime":8488.0,"start":0.0,"end":0.0},{"startTime":8488.0,"endTime":8496.0,"start":0.0,"end":6.0},{"startTime":8496.0,"endTime":8504.0,"start":0.0,"end":0.0},{"startTime":8504.0,"endTime":8512.0,"start":0.0,"end":11.0},{"startTime":8512.0,"endTime":9536.0,"start":0.0,"end":0.0},{"startTime":9536.0,"endTime":9568.0,"start":10.0,"end":0.0},{"startTime":9568.0,"endTime":9600.0,"start":0.0,"end":0.0},{"startTime":9600.0,"endTime":9632.0,"start":10.0,"end":0.0},{"startTime":9632.0,"endTime":9664.0,"start":0.0,"end":0.0},{"startTime":9664.0,"endTime":9696.0,"start":-9.0,"end":0.0},{"startTime":9696.0,"endTime":9728.0,"start":0.0,"end":0.0},{"startTime":9728.0,"endTime":9760.0,"start":-9.0,"end":0.0},{"startTime":9760.0,"endTime":9792.0,"start":0.0,"end":0.0},{"startTime":9792.0,"endTime":9824.0,"start":10.0,"end":0.0},{"startTime":9824.0,"endTime":9856.0,"start":0.0,"end":0.0},{"startTime":9856.0,"endTime":9888.0,"start":-9.0,"end":0.0},{"startTime":9888.0,"endTime":9920.0,"start":0.0,"end":0.0},{"startTime":9920.0,"endTime":9952.0,"start":10.0,"end":0.0},{"startTime":9952.0,"endTime":9984.0,"start":0.0,"end":0.0},{"startTime":9984.0,"endTime":10016.0,"start":-9.0,"end":0.0},{"startTime":10016.0,"endTime":10048.0,"start":0.0,"end":0.0},{"startTime":10048.0,"endTime":10080.0,"start":10.0,"end":0.0},{"startTime":10080.0,"endTime":10112.0,"start":0.0,"end":0.0},{"startTime":10112.0,"endTime":10144.0,"start":-9.0,"end":0.0},{"startTime":10144.0,"endTime":10176.0,"start":0.0,"end":0.0},{"startTime":10176.0,"endTime":10208.0,"start":10.0,"end":0.0},{"startTime":10208.0,"endTime":10240.0,"start":0.0,"end":0.0},{"startTime":10240.0,"endTime":10272.0,"start":-9.0,"end":0.0},{"startTime":10272.0,"endTime":10304.0,"start":0.0,"end":0.0},{"startTime":10304.0,"endTime":10336.0,"start":10.0,"end":0.0},{"startTime":10336.0,"endTime":10368.0,"start":0.0,"end":0.0},{"startTime":10368.0,"endTime":10400.0,"start":15.0,"end":0.0},{"startTime":10400.0,"endTime":10432.0,"start":0.0,"end":0.0},{"startTime":10432.0,"endTime":10464.0,"start":-14.0,"end":0.0},{"startTime":10464.0,"endTime":11680.0,"start":0.0,"end":0.0},{"startTime":11680.0,"endTime":11696.0,"start":0.0,"end":360.0},{"startTime":11696.0,"endTime":11712.0,"start":0.0,"end":0.0},{"startTime":11712.0,"endTime":11720.0,"start":0.0,"end":180.0},{"startTime":11720.0,"endTime":11736.0,"start":0.0,"end":0.0},{"startTime":11736.0,"endTime":11744.0,"start":44.0,"end":44.0},{"startTime":11744.0,"endTime":9216000.0,"start":0.0,"end":0.0}],"judgeLineDisappearEvents":[{"startTime":-10666.0,"endTime":9216000.0,"start":1.0,"end":1.0}]}]}